"","FREQUENCY","LOCATION","MEAS","OBS_STATUS","ObsValue","TIME_FORMAT","Time"
"1","A","AUS","PCT",NA,"53.799999","P1Y","1960"
"2","A","AUS","PCT",NA,"53.200001","P1Y","1961"
"3","A","AUS","PCT",NA,"51.400002","P1Y","1962"
"4","A","AUS","PCT",NA,"49.700001","P1Y","1963"
"5","A","AUS","PCT",NA,"48.200001","P1Y","1964"
"6","A","AUS","PCT",NA,"47.900002","P1Y","1965"
"7","A","AUS","PCT",NA,"45.799999","P1Y","1966"
"8","A","AUS","PCT",NA,"45","P1Y","1967"
"9","A","AUS","PCT",NA,"44.799999","P1Y","1968"
"10","A","AUS","PCT",NA,"44.400002","P1Y","1969"
"11","A","AUS","PCT",NA,"44.200001","P1Y","1970"
"12","A","AUS","PCT",NA,"45.400002","P1Y","1971"
"13","A","AUS","PCT",NA,"46.299999","P1Y","1972"
"14","A","AUS","PCT",NA,"47.200001","P1Y","1973"
"15","A","AUS","PCT",NA,"48.799999","P1Y","1974"
"16","A","AUS","PCT",NA,"50.099998","P1Y","1975"
"17","A","AUS","PCT",NA,"49.5","P1Y","1976"
"18","A","AUS","PCT",NA,"48.700001","P1Y","1977"
"19","A","AUS","PCT",NA,"49.200001","P1Y","1978"
"20","A","AUS","PCT",NA,"49.599998","P1Y","1979"
"21","A","AUS","PCT",NA,"49.599998","P1Y","1980"
"22","A","AUS","PCT",NA,"49.099998","P1Y","1981"
"23","A","AUS","PCT",NA,"49.400002","P1Y","1982"
"24","A","AUS","PCT",NA,"47.299999","P1Y","1983"
"25","A","AUS","PCT",NA,"46.299999","P1Y","1984"
"26","A","AUS","PCT",NA,"46.099998","P1Y","1985"
"27","A","AUS","PCT",NA,"45.400002","P1Y","1986"
"28","A","AUS","PCT",NA,"44.400002","P1Y","1987"
"29","A","AUS","PCT",NA,"42.799999","P1Y","1988"
"30","A","AUS","PCT",NA,"41.400002","P1Y","1989"
"31","A","AUS","PCT",NA,"41.299999","P1Y","1990"
"32","A","AUS","PCT",NA,"42","P1Y","1991"
"33","A","AUS","PCT",NA,"39.200001","P1Y","1992"
"34","A","AUS","PCT",NA,"37.700001","P1Y","1993"
"35","A","AUS","PCT",NA,"33.799999","P1Y","1994"
"36","A","AUS","PCT",NA,"32.900002","P1Y","1995"
"37","A","AUS","PCT",NA,"31.200001","P1Y","1996"
"38","A","AUS","PCT",NA,"30.299999","P1Y","1997"
"39","A","AUS","PCT",NA,"28.1","P1Y","1998"
"40","A","AUS","PCT",NA,"26","P1Y","1999"
"41","A","AUS","PCT",NA,"24.9","P1Y","2000"
"42","A","AUS","PCT",NA,"24.6","P1Y","2001"
"43","A","AUS","PCT",NA,"23.200001","P1Y","2002"
"44","A","AUS","PCT",NA,"23.200001","P1Y","2003"
"45","A","AUS","PCT",NA,"22.799999","P1Y","2004"
"46","A","AUS","PCT",NA,"22.5","P1Y","2005"
"47","A","AUS","PCT",NA,"20.4","P1Y","2006"
"48","A","AUS","PCT",NA,"18.799999","P1Y","2007"
"49","A","AUS","PCT",NA,"18.799999","P1Y","2008"
"50","A","AUS","PCT",NA,"19.6","P1Y","2009"
"51","A","AUS","PCT",NA,"18.4","P1Y","2010"
"52","A","AUS","PCT",NA,"18.4","P1Y","2011"
"53","A","AUS","PCT",NA,"18.200001","P1Y","2012"
"54","A","AUS","PCT",NA,"17","P1Y","2013"
"55","A","AUS","PCT",NA,"15.1","P1Y","2014"
"56","A","AUS","PCT",NA,"14.6","P1Y","2016"
"57","A","AUS","PCT",NA,"13.7","P1Y","2018"
"58","A","AUT","PCT",NA,"60.099998","P1Y","1960"
"59","A","AUT","PCT",NA,"59.599998","P1Y","1961"
"60","A","AUT","PCT",NA,"59","P1Y","1962"
"61","A","AUT","PCT",NA,"59.299999","P1Y","1963"
"62","A","AUT","PCT",NA,"59","P1Y","1964"
"63","A","AUT","PCT",NA,"58.599998","P1Y","1965"
"64","A","AUT","PCT",NA,"58.299999","P1Y","1966"
"65","A","AUT","PCT",NA,"57.700001","P1Y","1967"
"66","A","AUT","PCT",NA,"58","P1Y","1968"
"67","A","AUT","PCT",NA,"57.5","P1Y","1969"
"68","A","AUT","PCT",NA,"56.700001","P1Y","1970"
"69","A","AUT","PCT",NA,"55.299999","P1Y","1971"
"70","A","AUT","PCT",NA,"54.299999","P1Y","1972"
"71","A","AUT","PCT",NA,"52.799999","P1Y","1973"
"72","A","AUT","PCT",NA,"52.400002","P1Y","1974"
"73","A","AUT","PCT",NA,"52.599998","P1Y","1975"
"74","A","AUT","PCT",NA,"52.400002","P1Y","1976"
"75","A","AUT","PCT",NA,"51.700001","P1Y","1977"
"76","A","AUT","PCT",NA,"51.5","P1Y","1978"
"77","A","AUT","PCT",NA,"51.5","P1Y","1979"
"78","A","AUT","PCT",NA,"51.700001","P1Y","1980"
"79","A","AUT","PCT",NA,"51.900002","P1Y","1981"
"80","A","AUT","PCT",NA,"52.099998","P1Y","1982"
"81","A","AUT","PCT",NA,"52","P1Y","1983"
"82","A","AUT","PCT",NA,"52","P1Y","1984"
"83","A","AUT","PCT",NA,"51.299999","P1Y","1985"
"84","A","AUT","PCT",NA,"50.900002","P1Y","1986"
"85","A","AUT","PCT",NA,"50.099998","P1Y","1987"
"86","A","AUT","PCT",NA,"49.099998","P1Y","1988"
"87","A","AUT","PCT",NA,"48","P1Y","1989"
"88","A","AUT","PCT",NA,"46.799999","P1Y","1990"
"89","A","AUT","PCT",NA,"45.5","P1Y","1991"
"90","A","AUT","PCT",NA,"44.5","P1Y","1992"
"91","A","AUT","PCT",NA,"44","P1Y","1993"
"92","A","AUT","PCT",NA,"41.5","P1Y","1994"
"93","A","AUT","PCT",NA,"41.099998","P1Y","1995"
"94","A","AUT","PCT",NA,"40.099998","P1Y","1996"
"95","A","AUT","PCT",NA,"38.900002","P1Y","1997"
"96","A","AUT","PCT",NA,"38.400002","P1Y","1998"
"97","A","AUT","PCT",NA,"37.900002","P1Y","1999"
"98","A","AUT","PCT",NA,"36.900002","P1Y","2000"
"99","A","AUT","PCT",NA,"36.200001","P1Y","2001"
"100","A","AUT","PCT",NA,"36","P1Y","2002"
"101","A","AUT","PCT",NA,"34.599998","P1Y","2003"
"102","A","AUT","PCT",NA,"34.799999","P1Y","2004"
"103","A","AUT","PCT",NA,"33.799999","P1Y","2005"
"104","A","AUT","PCT",NA,"31.6","P1Y","2006"
"105","A","AUT","PCT",NA,"30.4","P1Y","2007"
"106","A","AUT","PCT",NA,"29.6","P1Y","2008"
"107","A","AUT","PCT",NA,"29.299999","P1Y","2009"
"108","A","AUT","PCT",NA,"28.9","P1Y","2010"
"109","A","AUT","PCT",NA,"28.299999","P1Y","2011"
"110","A","AUT","PCT",NA,"28","P1Y","2012"
"111","A","AUT","PCT",NA,"27.799999","P1Y","2013"
"112","A","AUT","PCT",NA,"27.700001","P1Y","2014"
"113","A","AUT","PCT",NA,"27.4","P1Y","2015"
"114","A","AUT","PCT",NA,"26.9","P1Y","2016"
"115","A","AUT","PCT",NA,"26.700001","P1Y","2017"
"116","A","AUT","PCT",NA,"26.299999","P1Y","2018"
"117","A","AUT","PCT",NA,"26.299999","P1Y","2019"
"118","A","BEL","PCT",NA,"41.5","P1Y","1960"
"119","A","BEL","PCT",NA,"40.400002","P1Y","1961"
"120","A","BEL","PCT",NA,"38.900002","P1Y","1962"
"121","A","BEL","PCT",NA,"39.799999","P1Y","1963"
"122","A","BEL","PCT",NA,"39.400002","P1Y","1964"
"123","A","BEL","PCT",NA,"39.900002","P1Y","1965"
"124","A","BEL","PCT",NA,"40.299999","P1Y","1966"
"125","A","BEL","PCT",NA,"41.200001","P1Y","1967"
"126","A","BEL","PCT",NA,"42","P1Y","1968"
"127","A","BEL","PCT",NA,"42","P1Y","1969"
"128","A","BEL","PCT",NA,"42.099998","P1Y","1970"
"129","A","BEL","PCT",NA,"43.900002","P1Y","1971"
"130","A","BEL","PCT",NA,"46.799999","P1Y","1972"
"131","A","BEL","PCT",NA,"48","P1Y","1973"
"132","A","BEL","PCT",NA,"49.099998","P1Y","1974"
"133","A","BEL","PCT",NA,"51.799999","P1Y","1975"
"134","A","BEL","PCT",NA,"53.400002","P1Y","1976"
"135","A","BEL","PCT",NA,"54.299999","P1Y","1977"
"136","A","BEL","PCT",NA,"53.400002","P1Y","1978"
"137","A","BEL","PCT",NA,"50.200001","P1Y","1979"
"138","A","BEL","PCT",NA,"53.400002","P1Y","1980"
"139","A","BEL","PCT",NA,"53.099998","P1Y","1981"
"140","A","BEL","PCT",NA,"51.900002","P1Y","1982"
"141","A","BEL","PCT",NA,"52.400002","P1Y","1983"
"142","A","BEL","PCT",NA,"51.700001","P1Y","1984"
"143","A","BEL","PCT",NA,"50.700001","P1Y","1985"
"144","A","BEL","PCT",NA,"49.400002","P1Y","1986"
"145","A","BEL","PCT",NA,"49","P1Y","1987"
"146","A","BEL","PCT",NA,"48.299999","P1Y","1988"
"147","A","BEL","PCT",NA,"49","P1Y","1989"
"148","A","BEL","PCT",NA,"50.599998","P1Y","1990"
"149","A","BEL","PCT",NA,"51.700001","P1Y","1991"
"150","A","BEL","PCT",NA,"51","P1Y","1992"
"151","A","BEL","PCT",NA,"52.599998","P1Y","1993"
"152","A","BEL","PCT",NA,"53.400002","P1Y","1994"
"153","A","BEL","PCT",NA,"55.700001","P1Y","1995"
"154","A","BEL","PCT",NA,"55.900002","P1Y","1996"
"155","A","BEL","PCT",NA,"56.200001","P1Y","1997"
"156","A","BEL","PCT",NA,"56.5","P1Y","1998"
"157","A","BEL","PCT",NA,"56.200001","P1Y","1999"
"158","A","BEL","PCT",NA,"56.599998","P1Y","2000"
"159","A","BEL","PCT",NA,"57.599998","P1Y","2001"
"160","A","BEL","PCT",NA,"56.900002","P1Y","2002"
"161","A","BEL","PCT",NA,"55.400002","P1Y","2003"
"162","A","BEL","PCT",NA,"55.299999","P1Y","2004"
"163","A","BEL","PCT",NA,"54.900002","P1Y","2005"
"164","A","BEL","PCT",NA,"53.799999","P1Y","2006"
"165","A","BEL","PCT",NA,"53.599998","P1Y","2007"
"166","A","BEL","PCT",NA,"53.400002","P1Y","2008"
"167","A","BEL","PCT",NA,"53.799999","P1Y","2009"
"168","A","BEL","PCT",NA,"53","P1Y","2010"
"169","A","BEL","PCT",NA,"54.200001","P1Y","2011"
"170","A","BEL","PCT",NA,"54.099998","P1Y","2012"
"171","A","BEL","PCT",NA,"53.299999","P1Y","2013"
"172","A","BEL","PCT",NA,"52.900002","P1Y","2014"
"173","A","BEL","PCT",NA,"52.299999","P1Y","2015"
"174","A","BEL","PCT",NA,"51.599998","P1Y","2016"
"175","A","BEL","PCT",NA,"50.700001","P1Y","2017"
"176","A","BEL","PCT",NA,"50","P1Y","2018"
"177","A","BEL","PCT",NA,"49.099998","P1Y","2019"
"178","A","CAN","PCT",NA,"30.1","P1Y","1960"
"179","A","CAN","PCT",NA,"29.5","P1Y","1961"
"180","A","CAN","PCT",NA,"28","P1Y","1962"
"181","A","CAN","PCT",NA,"27.6","P1Y","1963"
"182","A","CAN","PCT",NA,"27.299999","P1Y","1964"
"183","A","CAN","PCT",NA,"27.6","P1Y","1965"
"184","A","CAN","PCT",NA,"28.5","P1Y","1966"
"185","A","CAN","PCT",NA,"30.5","P1Y","1967"
"186","A","CAN","PCT",NA,"31","P1Y","1968"
"187","A","CAN","PCT",NA,"30.9","P1Y","1969"
"188","A","CAN","PCT",NA,"31.799999","P1Y","1970"
"189","A","CAN","PCT",NA,"31.5","P1Y","1971"
"190","A","CAN","PCT",NA,"32.400002","P1Y","1972"
"191","A","CAN","PCT",NA,"33.599998","P1Y","1973"
"192","A","CAN","PCT",NA,"33.599998","P1Y","1974"
"193","A","CAN","PCT",NA,"34.799999","P1Y","1975"
"194","A","CAN","PCT",NA,"34.5","P1Y","1976"
"195","A","CAN","PCT",NA,"35.099998","P1Y","1977"
"196","A","CAN","PCT",NA,"35.5","P1Y","1978"
"197","A","CAN","PCT",NA,"34.599998","P1Y","1979"
"198","A","CAN","PCT",NA,"34","P1Y","1980"
"199","A","CAN","PCT",NA,"33.900002","P1Y","1981"
"200","A","CAN","PCT",NA,"36.799999","P1Y","1982"
"201","A","CAN","PCT",NA,"35.900002","P1Y","1983"
"202","A","CAN","PCT",NA,"35.900002","P1Y","1984"
"203","A","CAN","PCT",NA,"35.299999","P1Y","1985"
"204","A","CAN","PCT",NA,"34.5","P1Y","1986"
"205","A","CAN","PCT",NA,"33.900002","P1Y","1987"
"206","A","CAN","PCT",NA,"33.400002","P1Y","1988"
"207","A","CAN","PCT",NA,"33.5","P1Y","1989"
"208","A","CAN","PCT",NA,"33.599998","P1Y","1990"
"209","A","CAN","PCT",NA,"28.9","P1Y","1997"
"210","A","CAN","PCT",NA,"28.6","P1Y","1998"
"211","A","CAN","PCT",NA,"28","P1Y","1999"
"212","A","CAN","PCT",NA,"28.200001","P1Y","2000"
"213","A","CAN","PCT",NA,"28.4","P1Y","2001"
"214","A","CAN","PCT",NA,"28.299999","P1Y","2002"
"215","A","CAN","PCT",NA,"28.200001","P1Y","2003"
"216","A","CAN","PCT",NA,"27.799999","P1Y","2004"
"217","A","CAN","PCT",NA,"27.700001","P1Y","2005"
"218","A","CAN","PCT",NA,"27.4","P1Y","2006"
"219","A","CAN","PCT",NA,"27.299999","P1Y","2007"
"220","A","CAN","PCT",NA,"27","P1Y","2008"
"221","A","CAN","PCT",NA,"27.299999","P1Y","2009"
"222","A","CAN","PCT",NA,"27.200001","P1Y","2010"
"223","A","CAN","PCT",NA,"26.9","P1Y","2011"
"224","A","CAN","PCT",NA,"27.200001","P1Y","2012"
"225","A","CAN","PCT",NA,"27.1","P1Y","2013"
"226","A","CAN","PCT",NA,"26.4","P1Y","2014"
"227","A","CAN","PCT",NA,"26.5","P1Y","2015"
"228","A","CAN","PCT",NA,"26.299999","P1Y","2016"
"229","A","CAN","PCT",NA,"26.299999","P1Y","2017"
"230","A","CAN","PCT",NA,"25.9","P1Y","2018"
"231","A","CAN","PCT",NA,"26.1","P1Y","2019"
"232","A","CAN","PCT",NA,"27.200001","P1Y","2020"
"233","A","CZE","PCT",NA,"67.199997","P1Y","1993"
"234","A","CZE","PCT",NA,"53.200001","P1Y","1994"
"235","A","CZE","PCT",NA,"44.5","P1Y","1995"
"236","A","CZE","PCT",NA,"40.400002","P1Y","1996"
"237","A","CZE","PCT",NA,"37.599998","P1Y","1997"
"238","A","CZE","PCT",NA,"32.099998","P1Y","1998"
"239","A","CZE","PCT",NA,"30","P1Y","1999"
"240","A","CZE","PCT",NA,"27.200001","P1Y","2000"
"241","A","CZE","PCT",NA,"23.799999","P1Y","2001"
"242","A","CZE","PCT",NA,"22.4","P1Y","2002"
"243","A","CZE","PCT",NA,"22.299999","P1Y","2003"
"244","A","CZE","PCT",NA,"20.6","P1Y","2004"
"245","A","CZE","PCT",NA,"19.1","P1Y","2005"
"246","A","CZE","PCT",NA,"18.1","P1Y","2006"
"247","A","CZE","PCT",NA,"17.4","P1Y","2007"
"248","A","CZE","PCT",NA,"16.9","P1Y","2008"
"249","A","CZE","PCT",NA,"16.700001","P1Y","2009"
"250","A","CZE","PCT",NA,"16.1","P1Y","2010"
"251","A","CZE","PCT",NA,"15.4","P1Y","2011"
"252","A","CZE","PCT",NA,"14.8","P1Y","2012"
"253","A","CZE","PCT",NA,"13.6","P1Y","2013"
"254","A","CZE","PCT",NA,"12.9","P1Y","2014"
"255","A","CZE","PCT",NA,"11.9","P1Y","2015"
"256","A","CZE","PCT",NA,"11.9","P1Y","2016"
"257","A","CZE","PCT",NA,"11.7","P1Y","2017"
"258","A","CZE","PCT",NA,"11.4","P1Y","2018"
"259","A","DNK","PCT",NA,"59","P1Y","1960"
"260","A","DNK","PCT",NA,"59.200001","P1Y","1961"
"261","A","DNK","PCT",NA,"59.299999","P1Y","1962"
"262","A","DNK","PCT",NA,"59.599998","P1Y","1963"
"263","A","DNK","PCT",NA,"60","P1Y","1964"
"264","A","DNK","PCT",NA,"59.900002","P1Y","1965"
"265","A","DNK","PCT",NA,"58.799999","P1Y","1966"
"266","A","DNK","PCT",NA,"59","P1Y","1967"
"267","A","DNK","PCT",NA,"60.299999","P1Y","1968"
"268","A","DNK","PCT",NA,"61","P1Y","1969"
"269","A","DNK","PCT",NA,"60.799999","P1Y","1970"
"270","A","DNK","PCT",NA,"62.599998","P1Y","1971"
"271","A","DNK","PCT",NA,"62","P1Y","1972"
"272","A","DNK","PCT",NA,"62.5","P1Y","1973"
"273","A","DNK","PCT",NA,"64","P1Y","1974"
"274","A","DNK","PCT",NA,"68.300003","P1Y","1975"
"275","A","DNK","PCT",NA,"71.099998","P1Y","1976"
"276","A","DNK","PCT",NA,"72.099998","P1Y","1977"
"277","A","DNK","PCT",NA,"75.599998","P1Y","1978"
"278","A","DNK","PCT",NA,"76","P1Y","1979"
"279","A","DNK","PCT",NA,"77.199997","P1Y","1980"
"280","A","DNK","PCT",NA,"77.199997","P1Y","1981"
"281","A","DNK","PCT",NA,"76.699997","P1Y","1982"
"282","A","DNK","PCT",NA,"78.900002","P1Y","1983"
"283","A","DNK","PCT",NA,"78.099998","P1Y","1984"
"284","A","DNK","PCT",NA,"77.599998","P1Y","1985"
"285","A","DNK","PCT",NA,"77.5","P1Y","1986"
"286","A","DNK","PCT",NA,"75.800003","P1Y","1987"
"287","A","DNK","PCT",NA,"73.699997","P1Y","1988"
"288","A","DNK","PCT",NA,"74.300003","P1Y","1989"
"289","A","DNK","PCT",NA,"73.900002","P1Y","1990"
"290","A","DNK","PCT",NA,"74.400002","P1Y","1991"
"291","A","DNK","PCT",NA,"75","P1Y","1992"
"292","A","DNK","PCT",NA,"76","P1Y","1993"
"293","A","DNK","PCT",NA,"78.599998","P1Y","1994"
"294","A","DNK","PCT",NA,"77.400002","P1Y","1995"
"295","A","DNK","PCT",NA,"76.599998","P1Y","1996"
"296","A","DNK","PCT",NA,"75.199997","P1Y","1997"
"297","A","DNK","PCT",NA,"76.300003","P1Y","1998"
"298","A","DNK","PCT",NA,"74.599998","P1Y","1999"
"299","A","DNK","PCT",NA,"74.5","P1Y","2000"
"300","A","DNK","PCT",NA,"73.900002","P1Y","2001"
"301","A","DNK","PCT",NA,"73.599998","P1Y","2002"
"302","A","DNK","PCT",NA,"72.400002","P1Y","2003"
"303","A","DNK","PCT",NA,"71.699997","P1Y","2004"
"304","A","DNK","PCT",NA,"71.5","P1Y","2005"
"305","A","DNK","PCT",NA,"69.699997","P1Y","2006"
"306","A","DNK","PCT",NA,"69","P1Y","2007"
"307","A","DNK","PCT",NA,"68.800003","P1Y","2008"
"308","A","DNK","PCT",NA,"68.900002","P1Y","2009"
"309","A","DNK","PCT",NA,"68.099998","P1Y","2010"
"310","A","DNK","PCT",NA,"68.699997","P1Y","2011"
"311","A","DNK","PCT",NA,"69","P1Y","2012"
"312","A","DNK","PCT",NA,"68.800003","P1Y","2013"
"313","A","DNK","PCT",NA,"68.5","P1Y","2014"
"314","A","DNK","PCT",NA,"68.199997","P1Y","2015"
"315","A","DNK","PCT",NA,"67.400002","P1Y","2016"
"316","A","DNK","PCT",NA,"66.699997","P1Y","2017"
"317","A","DNK","PCT",NA,"67.5","P1Y","2018"
"318","A","DNK","PCT",NA,"67","P1Y","2019"
"319","A","FIN","PCT",NA,"31.9","P1Y","1960"
"320","A","FIN","PCT",NA,"31.5","P1Y","1961"
"321","A","FIN","PCT",NA,"35.299999","P1Y","1962"
"322","A","FIN","PCT",NA,"37.400002","P1Y","1963"
"323","A","FIN","PCT",NA,"37","P1Y","1964"
"324","A","FIN","PCT",NA,"38.299999","P1Y","1965"
"325","A","FIN","PCT",NA,"39.599998","P1Y","1966"
"326","A","FIN","PCT",NA,"40.700001","P1Y","1967"
"327","A","FIN","PCT",NA,"41","P1Y","1968"
"328","A","FIN","PCT",NA,"47.5","P1Y","1969"
"329","A","FIN","PCT",NA,"51.299999","P1Y","1970"
"330","A","FIN","PCT",NA,"56.200001","P1Y","1971"
"331","A","FIN","PCT",NA,"60.799999","P1Y","1972"
"332","A","FIN","PCT",NA,"61.400002","P1Y","1973"
"333","A","FIN","PCT",NA,"63.200001","P1Y","1974"
"334","A","FIN","PCT",NA,"65.300003","P1Y","1975"
"335","A","FIN","PCT",NA,"67.599998","P1Y","1976"
"336","A","FIN","PCT",NA,"66.699997","P1Y","1977"
"337","A","FIN","PCT",NA,"66.900002","P1Y","1978"
"338","A","FIN","PCT",NA,"68.099998","P1Y","1979"
"339","A","FIN","PCT",NA,"69.400002","P1Y","1980"
"340","A","FIN","PCT",NA,"68.300003","P1Y","1981"
"341","A","FIN","PCT",NA,"68.400002","P1Y","1982"
"342","A","FIN","PCT",NA,"68.800003","P1Y","1983"
"343","A","FIN","PCT",NA,"69","P1Y","1984"
"344","A","FIN","PCT",NA,"69.099998","P1Y","1985"
"345","A","FIN","PCT",NA,"70","P1Y","1986"
"346","A","FIN","PCT",NA,"70.599998","P1Y","1987"
"347","A","FIN","PCT",NA,"72.300003","P1Y","1988"
"348","A","FIN","PCT",NA,"72.800003","P1Y","1989"
"349","A","FIN","PCT",NA,"72.599998","P1Y","1990"
"350","A","FIN","PCT",NA,"75.5","P1Y","1991"
"351","A","FIN","PCT",NA,"78.400002","P1Y","1992"
"352","A","FIN","PCT",NA,"80.400002","P1Y","1993"
"353","A","FIN","PCT",NA,"79.800003","P1Y","1994"
"354","A","FIN","PCT",NA,"80","P1Y","1995"
"355","A","FIN","PCT",NA,"78.900002","P1Y","1996"
"356","A","FIN","PCT",NA,"78.5","P1Y","1997"
"357","A","FIN","PCT",NA,"78.599998","P1Y","1998"
"358","A","FIN","PCT",NA,"75.099998","P1Y","1999"
"359","A","FIN","PCT",NA,"74.199997","P1Y","2000"
"360","A","FIN","PCT",NA,"76.599998","P1Y","2001"
"361","A","FIN","PCT",NA,"75.699997","P1Y","2002"
"362","A","FIN","PCT",NA,"74.5","P1Y","2003"
"363","A","FIN","PCT",NA,"73.5","P1Y","2004"
"364","A","FIN","PCT",NA,"72.699997","P1Y","2005"
"365","A","FIN","PCT",NA,"71.900002","P1Y","2006"
"366","A","FIN","PCT",NA,"71.099998","P1Y","2007"
"367","A","FIN","PCT",NA,"69.900002","P1Y","2008"
"368","A","FIN","PCT",NA,"72.5","P1Y","2009"
"369","A","FIN","PCT",NA,"71.400002","P1Y","2010"
"370","A","FIN","PCT",NA,"69.599998","P1Y","2011"
"371","A","FIN","PCT",NA,"69.199997","P1Y","2012"
"372","A","FIN","PCT",NA,"67.5","P1Y","2013"
"373","A","FIN","PCT",NA,"67.800003","P1Y","2014"
"374","A","FIN","PCT",NA,"67.5","P1Y","2015"
"375","A","FIN","PCT",NA,"65.699997","P1Y","2016"
"376","A","FIN","PCT",NA,"62.900002","P1Y","2017"
"377","A","FIN","PCT",NA,"60","P1Y","2018"
"378","A","FIN","PCT",NA,"58.799999","P1Y","2019"
"379","A","FRA","PCT",NA,"20","P1Y","1960"
"380","A","FRA","PCT",NA,"20.700001","P1Y","1961"
"381","A","FRA","PCT",NA,"19.5","P1Y","1962"
"382","A","FRA","PCT",NA,"20.5","P1Y","1963"
"383","A","FRA","PCT",NA,"20.1","P1Y","1964"
"384","A","FRA","PCT",NA,"19.9","P1Y","1965"
"385","A","FRA","PCT",NA,"19.299999","P1Y","1966"
"386","A","FRA","PCT",NA,"19.4","P1Y","1967"
"387","A","FRA","PCT",NA,"20.799999","P1Y","1968"
"388","A","FRA","PCT",NA,"22.6","P1Y","1969"
"389","A","FRA","PCT",NA,"22.1","P1Y","1970"
"390","A","FRA","PCT",NA,"22","P1Y","1971"
"391","A","FRA","PCT",NA,"22","P1Y","1972"
"392","A","FRA","PCT",NA,"22.6","P1Y","1973"
"393","A","FRA","PCT",NA,"22.200001","P1Y","1974"
"394","A","FRA","PCT",NA,"22.6","P1Y","1975"
"395","A","FRA","PCT",NA,"21.700001","P1Y","1976"
"396","A","FRA","PCT",NA,"21.700001","P1Y","1977"
"397","A","FRA","PCT",NA,"20.9","P1Y","1978"
"398","A","FRA","PCT",NA,"19.4","P1Y","1979"
"399","A","FRA","PCT",NA,"18.6","P1Y","1980"
"400","A","FRA","PCT",NA,"18.1","P1Y","1981"
"401","A","FRA","PCT",NA,"17.299999","P1Y","1982"
"402","A","FRA","PCT",NA,"16.299999","P1Y","1983"
"403","A","FRA","PCT",NA,"15.2","P1Y","1984"
"404","A","FRA","PCT",NA,"13.8","P1Y","1985"
"405","A","FRA","PCT",NA,"12.6","P1Y","1986"
"406","A","FRA","PCT",NA,"12.1","P1Y","1987"
"407","A","FRA","PCT",NA,"11.5","P1Y","1988"
"408","A","FRA","PCT",NA,"10.9","P1Y","1989"
"409","A","FRA","PCT",NA,"10.7","P1Y","1990"
"410","A","FRA","PCT",NA,"10.4","P1Y","1991"
"411","A","FRA","PCT",NA,"10.4","P1Y","1992"
"412","A","FRA","PCT",NA,"10","P1Y","1993"
"413","A","FRA","PCT",NA,"10.8","P1Y","1996"
"414","A","FRA","PCT",NA,"10.5","P1Y","1997"
"415","A","FRA","PCT",NA,"10.5","P1Y","1998"
"416","A","FRA","PCT",NA,"10.8","P1Y","1999"
"417","A","FRA","PCT",NA,"10.8","P1Y","2000"
"418","A","FRA","PCT",NA,"10.8","P1Y","2001"
"419","A","FRA","PCT",NA,"10.8","P1Y","2002"
"420","A","FRA","PCT",NA,"10.8","P1Y","2003"
"421","A","FRA","PCT",NA,"10.5","P1Y","2004"
"422","A","FRA","PCT",NA,"10.5","P1Y","2005"
"423","A","FRA","PCT",NA,"10.6","P1Y","2008"
"424","A","FRA","PCT",NA,"10.8","P1Y","2010"
"425","A","FRA","PCT",NA,"11","P1Y","2013"
"426","A","FRA","PCT",NA,"10.8","P1Y","2016"
"427","A","DEU","PCT",NA,"34.700001","P1Y","1960"
"428","A","DEU","PCT",NA,"34.200001","P1Y","1961"
"429","A","DEU","PCT",NA,"33.799999","P1Y","1962"
"430","A","DEU","PCT",NA,"33.400002","P1Y","1963"
"431","A","DEU","PCT",NA,"33.099998","P1Y","1964"
"432","A","DEU","PCT",NA,"32.900002","P1Y","1965"
"433","A","DEU","PCT",NA,"32.5","P1Y","1966"
"434","A","DEU","PCT",NA,"32.799999","P1Y","1967"
"435","A","DEU","PCT",NA,"32.200001","P1Y","1968"
"436","A","DEU","PCT",NA,"31.700001","P1Y","1969"
"437","A","DEU","PCT",NA,"32","P1Y","1970"
"438","A","DEU","PCT",NA,"32.099998","P1Y","1971"
"439","A","DEU","PCT",NA,"32.400002","P1Y","1972"
"440","A","DEU","PCT",NA,"32.400002","P1Y","1973"
"441","A","DEU","PCT",NA,"33.700001","P1Y","1974"
"442","A","DEU","PCT",NA,"34.599998","P1Y","1975"
"443","A","DEU","PCT",NA,"35.099998","P1Y","1976"
"444","A","DEU","PCT",NA,"35.200001","P1Y","1977"
"445","A","DEU","PCT",NA,"35.5","P1Y","1978"
"446","A","DEU","PCT",NA,"35.299999","P1Y","1979"
"447","A","DEU","PCT",NA,"34.900002","P1Y","1980"
"448","A","DEU","PCT",NA,"35.099998","P1Y","1981"
"449","A","DEU","PCT",NA,"35","P1Y","1982"
"450","A","DEU","PCT",NA,"35","P1Y","1983"
"451","A","DEU","PCT",NA,"34.900002","P1Y","1984"
"452","A","DEU","PCT",NA,"34.700001","P1Y","1985"
"453","A","DEU","PCT",NA,"33.900002","P1Y","1986"
"454","A","DEU","PCT",NA,"33.299999","P1Y","1987"
"455","A","DEU","PCT",NA,"33.099998","P1Y","1988"
"456","A","DEU","PCT",NA,"32.400002","P1Y","1989"
"457","A","DEU","PCT",NA,"31.200001","P1Y","1990"
"458","A","DEU","PCT",NA,"36","P1Y","1991"
"459","A","DEU","PCT",NA,"33.900002","P1Y","1992"
"460","A","DEU","PCT",NA,"31.799999","P1Y","1993"
"461","A","DEU","PCT",NA,"30.4","P1Y","1994"
"462","A","DEU","PCT",NA,"29.200001","P1Y","1995"
"463","A","DEU","PCT",NA,"27.799999","P1Y","1996"
"464","A","DEU","PCT",NA,"27","P1Y","1997"
"465","A","DEU","PCT",NA,"25.9","P1Y","1998"
"466","A","DEU","PCT",NA,"25.299999","P1Y","1999"
"467","A","DEU","PCT",NA,"24.6","P1Y","2000"
"468","A","DEU","PCT",NA,"23.700001","P1Y","2001"
"469","A","DEU","PCT",NA,"23.5","P1Y","2002"
"470","A","DEU","PCT",NA,"23","P1Y","2003"
"471","A","DEU","PCT",NA,"22.200001","P1Y","2004"
"472","A","DEU","PCT",NA,"21.5","P1Y","2005"
"473","A","DEU","PCT",NA,"20.6","P1Y","2006"
"474","A","DEU","PCT",NA,"19.799999","P1Y","2007"
"475","A","DEU","PCT",NA,"19","P1Y","2008"
"476","A","DEU","PCT",NA,"18.799999","P1Y","2009"
"477","A","DEU","PCT",NA,"18.9","P1Y","2010"
"478","A","DEU","PCT",NA,"18.4","P1Y","2011"
"479","A","DEU","PCT",NA,"18.299999","P1Y","2012"
"480","A","DEU","PCT",NA,"18","P1Y","2013"
"481","A","DEU","PCT",NA,"17.700001","P1Y","2014"
"482","A","DEU","PCT",NA,"17.6","P1Y","2015"
"483","A","DEU","PCT",NA,"17","P1Y","2016"
"484","A","DEU","PCT",NA,"16.700001","P1Y","2017"
"485","A","DEU","PCT",NA,"16.6","P1Y","2018"
"486","A","DEU","PCT",NA,"16.299999","P1Y","2019"
"487","A","GRC","PCT",NA,"48.200001","P1Y","1977"
"488","A","GRC","PCT",NA,"39","P1Y","1980"
"489","A","GRC","PCT",NA,"39.400002","P1Y","1983"
"490","A","GRC","PCT",NA,"37.5","P1Y","1986"
"491","A","GRC","PCT",NA,"35.200001","P1Y","1989"
"492","A","GRC","PCT",NA,"37.599998","P1Y","1992"
"493","A","GRC","PCT",NA,"31.299999","P1Y","1995"
"494","A","GRC","PCT",NA,"27.5","P1Y","1998"
"495","A","GRC","PCT",NA,"24.9","P1Y","2001"
"496","A","GRC","PCT",NA,"24.1","P1Y","2004"
"497","A","GRC","PCT",NA,"22.6","P1Y","2007"
"498","A","GRC","PCT",NA,"22.200001","P1Y","2010"
"499","A","GRC","PCT",NA,"23.1","P1Y","2013"
"500","A","GRC","PCT",NA,"19","P1Y","2016"
"501","A","HUN","PCT",NA,"88.599998","P1Y","1990"
"502","A","HUN","PCT",NA,"51.5","P1Y","1993"
"503","A","HUN","PCT",NA,"48.299999","P1Y","1995"
"504","A","HUN","PCT",NA,"27.200001","P1Y","1998"
"505","A","HUN","PCT",NA,"23.799999","P1Y","2000"
"506","A","HUN","PCT",NA,"20.4","P1Y","2001"
"507","A","HUN","PCT",NA,"18.9","P1Y","2003"
"508","A","HUN","PCT",NA,"17.9","P1Y","2004"
"509","A","HUN","PCT",NA,"17.299999","P1Y","2005"
"510","A","HUN","PCT",NA,"15.3","P1Y","2008"
"511","A","HUN","PCT",NA,"12.5","P1Y","2012"
"512","A","HUN","PCT",NA,"11","P1Y","2014"
"513","A","HUN","PCT",NA,"9.1999998","P1Y","2016"
"514","A","HUN","PCT",NA,"8.3000002","P1Y","2018"
"515","A","ISL","PCT",NA,"67.099998","P1Y","1979"
"516","A","ISL","PCT",NA,"66.199997","P1Y","1980"
"517","A","ISL","PCT",NA,"75.599998","P1Y","1983"
"518","A","ISL","PCT",NA,"78.5","P1Y","1985"
"519","A","ISL","PCT",NA,"87.900002","P1Y","1991"
"520","A","ISL","PCT",NA,"87.5","P1Y","1992"
"521","A","ISL","PCT",NA,"86.5","P1Y","1993"
"522","A","ISL","PCT",NA,"87.400002","P1Y","1994"
"523","A","ISL","PCT",NA,"88.599998","P1Y","1995"
"524","A","ISL","PCT",NA,"88.699997","P1Y","1996"
"525","A","ISL","PCT",NA,"89.300003","P1Y","1997"
"526","A","ISL","PCT",NA,"90.900002","P1Y","1998"
"527","A","ISL","PCT",NA,"89.400002","P1Y","1999"
"528","A","ISL","PCT",NA,"89.099998","P1Y","2000"
"529","A","ISL","PCT",NA,"88.900002","P1Y","2001"
"530","A","ISL","PCT",NA,"93.300003","P1Y","2002"
"531","A","ISL","PCT",NA,"86.5","P1Y","2003"
"532","A","ISL","PCT",NA,"84.099998","P1Y","2004"
"533","A","ISL","PCT",NA,"84.099998","P1Y","2005"
"534","A","ISL","PCT",NA,"85.199997","P1Y","2006"
"535","A","ISL","PCT",NA,"84.900002","P1Y","2007"
"536","A","ISL","PCT",NA,"84.699997","P1Y","2008"
"537","A","ISL","PCT",NA,"84.900002","P1Y","2009"
"538","A","ISL","PCT",NA,"85.199997","P1Y","2010"
"539","A","ISL","PCT",NA,"85","P1Y","2011"
"540","A","ISL","PCT",NA,"85.300003","P1Y","2012"
"541","A","ISL","PCT",NA,"88.900002","P1Y","2013"
"542","A","ISL","PCT",NA,"90.400002","P1Y","2014"
"543","A","ISL","PCT",NA,"91.599998","P1Y","2015"
"544","A","ISL","PCT",NA,"90.400002","P1Y","2016"
"545","A","ISL","PCT",NA,"91","P1Y","2017"
"546","A","ISL","PCT",NA,"90.699997","P1Y","2018"
"547","A","ISL","PCT",NA,"90.699997","P1Y","2019"
"548","A","ISL","PCT",NA,"92.199997","P1Y","2020"
"549","A","IRL","PCT",NA,"45.299999","P1Y","1960"
"550","A","IRL","PCT",NA,"47.099998","P1Y","1961"
"551","A","IRL","PCT",NA,"48","P1Y","1962"
"552","A","IRL","PCT",NA,"47.799999","P1Y","1963"
"553","A","IRL","PCT",NA,"48.5","P1Y","1964"
"554","A","IRL","PCT",NA,"48.200001","P1Y","1965"
"555","A","IRL","PCT",NA,"48.299999","P1Y","1966"
"556","A","IRL","PCT",NA,"48.799999","P1Y","1967"
"557","A","IRL","PCT",NA,"49.599998","P1Y","1968"
"558","A","IRL","PCT",NA,"51.299999","P1Y","1969"
"559","A","IRL","PCT",NA,"53.200001","P1Y","1970"
"560","A","IRL","PCT",NA,"53.200001","P1Y","1971"
"561","A","IRL","PCT",NA,"53.599998","P1Y","1972"
"562","A","IRL","PCT",NA,"53.299999","P1Y","1973"
"563","A","IRL","PCT",NA,"53.900002","P1Y","1974"
"564","A","IRL","PCT",NA,"55.299999","P1Y","1975"
"565","A","IRL","PCT",NA,"56.299999","P1Y","1976"
"566","A","IRL","PCT",NA,"57","P1Y","1977"
"567","A","IRL","PCT",NA,"57.599998","P1Y","1978"
"568","A","IRL","PCT",NA,"57.5","P1Y","1979"
"569","A","IRL","PCT",NA,"57.099998","P1Y","1980"
"570","A","IRL","PCT",NA,"56.599998","P1Y","1981"
"571","A","IRL","PCT",NA,"56.099998","P1Y","1982"
"572","A","IRL","PCT",NA,"57.200001","P1Y","1983"
"573","A","IRL","PCT",NA,"57","P1Y","1984"
"574","A","IRL","PCT",NA,"54.200001","P1Y","1985"
"575","A","IRL","PCT",NA,"51.599998","P1Y","1986"
"576","A","IRL","PCT",NA,"50.200001","P1Y","1987"
"577","A","IRL","PCT",NA,"50.5","P1Y","1988"
"578","A","IRL","PCT",NA,"51.799999","P1Y","1989"
"579","A","IRL","PCT",NA,"51.099998","P1Y","1990"
"580","A","IRL","PCT",NA,"51.200001","P1Y","1991"
"581","A","IRL","PCT",NA,"51.299999","P1Y","1992"
"582","A","IRL","PCT",NA,"50","P1Y","1993"
"583","A","IRL","PCT",NA,"48.599998","P1Y","1994"
"584","A","IRL","PCT",NA,"47.099998","P1Y","1995"
"585","A","IRL","PCT",NA,"44.099998","P1Y","1996"
"586","A","IRL","PCT",NA,"44.200001","P1Y","1997"
"587","A","IRL","PCT",NA,"40.5","P1Y","1998"
"588","A","IRL","PCT",NA,"38.099998","P1Y","1999"
"589","A","IRL","PCT",NA,"35.900002","P1Y","2000"
"590","A","IRL","PCT",NA,"35","P1Y","2001"
"591","A","IRL","PCT",NA,"35.099998","P1Y","2002"
"592","A","IRL","PCT",NA,"34.900002","P1Y","2003"
"593","A","IRL","PCT",NA,"33.599998","P1Y","2004"
"594","A","IRL","PCT",NA,"32.400002","P1Y","2005"
"595","A","IRL","PCT",NA,"31.700001","P1Y","2006"
"596","A","IRL","PCT",NA,"30.5","P1Y","2007"
"597","A","IRL","PCT",NA,"30.9","P1Y","2008"
"598","A","IRL","PCT",NA,"31.9","P1Y","2009"
"599","A","IRL","PCT",NA,"31.6","P1Y","2010"
"600","A","IRL","PCT",NA,"31.6","P1Y","2011"
"601","A","IRL","PCT",NA,"30.1","P1Y","2012"
"602","A","IRL","PCT",NA,"28.5","P1Y","2013"
"603","A","IRL","PCT",NA,"26.299999","P1Y","2014"
"604","A","IRL","PCT",NA,"25.4","P1Y","2015"
"605","A","IRL","PCT",NA,"23.4","P1Y","2016"
"606","A","IRL","PCT",NA,"24.299999","P1Y","2017"
"607","A","IRL","PCT",NA,"24.1","P1Y","2018"
"608","A","IRL","PCT",NA,"25.1","P1Y","2019"
"609","A","IRL","PCT",NA,"26.200001","P1Y","2020"
"610","A","ITA","PCT",NA,"28.5","P1Y","1960"
"611","A","ITA","PCT",NA,"28.700001","P1Y","1961"
"612","A","ITA","PCT",NA,"29.200001","P1Y","1962"
"613","A","ITA","PCT",NA,"30.200001","P1Y","1963"
"614","A","ITA","PCT",NA,"31.299999","P1Y","1964"
"615","A","ITA","PCT",NA,"29.799999","P1Y","1965"
"616","A","ITA","PCT",NA,"29.700001","P1Y","1966"
"617","A","ITA","PCT",NA,"29.6","P1Y","1967"
"618","A","ITA","PCT",NA,"30.700001","P1Y","1968"
"619","A","ITA","PCT",NA,"32.200001","P1Y","1969"
"620","A","ITA","PCT",NA,"36.299999","P1Y","1970"
"621","A","ITA","PCT",NA,"39","P1Y","1971"
"622","A","ITA","PCT",NA,"41.099998","P1Y","1972"
"623","A","ITA","PCT",NA,"42.700001","P1Y","1973"
"624","A","ITA","PCT",NA,"46","P1Y","1974"
"625","A","ITA","PCT",NA,"47.5","P1Y","1975"
"626","A","ITA","PCT",NA,"49.900002","P1Y","1976"
"627","A","ITA","PCT",NA,"49.599998","P1Y","1977"
"628","A","ITA","PCT",NA,"50.400002","P1Y","1978"
"629","A","ITA","PCT",NA,"49.700001","P1Y","1979"
"630","A","ITA","PCT",NA,"49.599998","P1Y","1980"
"631","A","ITA","PCT",NA,"48","P1Y","1981"
"632","A","ITA","PCT",NA,"46.700001","P1Y","1982"
"633","A","ITA","PCT",NA,"45.5","P1Y","1983"
"634","A","ITA","PCT",NA,"45.299999","P1Y","1984"
"635","A","ITA","PCT",NA,"42.5","P1Y","1985"
"636","A","ITA","PCT",NA,"40.700001","P1Y","1986"
"637","A","ITA","PCT",NA,"40.299999","P1Y","1987"
"638","A","ITA","PCT",NA,"40.099998","P1Y","1988"
"639","A","ITA","PCT",NA,"39.700001","P1Y","1989"
"640","A","ITA","PCT",NA,"39","P1Y","1990"
"641","A","ITA","PCT",NA,"38.900002","P1Y","1991"
"642","A","ITA","PCT",NA,"39","P1Y","1992"
"643","A","ITA","PCT",NA,"38.700001","P1Y","1993"
"644","A","ITA","PCT",NA,"38.200001","P1Y","1994"
"645","A","ITA","PCT",NA,"37.599998","P1Y","1995"
"646","A","ITA","PCT",NA,"36.900002","P1Y","1996"
"647","A","ITA","PCT",NA,"36","P1Y","1997"
"648","A","ITA","PCT",NA,"35.599998","P1Y","1998"
"649","A","ITA","PCT",NA,"35.299999","P1Y","1999"
"650","A","ITA","PCT",NA,"34.799999","P1Y","2000"
"651","A","ITA","PCT",NA,"34.200001","P1Y","2001"
"652","A","ITA","PCT",NA,"33.700001","P1Y","2002"
"653","A","ITA","PCT",NA,"33.599998","P1Y","2003"
"654","A","ITA","PCT",NA,"34","P1Y","2004"
"655","A","ITA","PCT",NA,"33.799999","P1Y","2005"
"656","A","ITA","PCT",NA,"33.599998","P1Y","2006"
"657","A","ITA","PCT",NA,"34","P1Y","2007"
"658","A","ITA","PCT",NA,"33.900002","P1Y","2008"
"659","A","ITA","PCT",NA,"34.700001","P1Y","2009"
"660","A","ITA","PCT",NA,"35.299999","P1Y","2010"
"661","A","ITA","PCT",NA,"35.200001","P1Y","2011"
"662","A","ITA","PCT",NA,"35.5","P1Y","2012"
"663","A","ITA","PCT",NA,"35.700001","P1Y","2013"
"664","A","ITA","PCT",NA,"35.400002","P1Y","2014"
"665","A","ITA","PCT",NA,"34.200001","P1Y","2015"
"666","A","ITA","PCT",NA,"33.599998","P1Y","2016"
"667","A","ITA","PCT",NA,"33.200001","P1Y","2017"
"668","A","ITA","PCT",NA,"32.599998","P1Y","2018"
"669","A","ITA","PCT",NA,"32.5","P1Y","2019"
"670","A","JPN","PCT",NA,"32.299999","P1Y","1960"
"671","A","JPN","PCT",NA,"33.700001","P1Y","1961"
"672","A","JPN","PCT",NA,"34.599998","P1Y","1962"
"673","A","JPN","PCT",NA,"35","P1Y","1963"
"674","A","JPN","PCT",NA,"35.5","P1Y","1964"
"675","A","JPN","PCT",NA,"35.299999","P1Y","1965"
"676","A","JPN","PCT",NA,"34.700001","P1Y","1966"
"677","A","JPN","PCT",NA,"34.400002","P1Y","1967"
"678","A","JPN","PCT",NA,"34.5","P1Y","1968"
"679","A","JPN","PCT",NA,"35.200001","P1Y","1969"
"680","A","JPN","PCT",NA,"35.099998","P1Y","1970"
"681","A","JPN","PCT",NA,"34.599998","P1Y","1971"
"682","A","JPN","PCT",NA,"34.299999","P1Y","1972"
"683","A","JPN","PCT",NA,"33.5","P1Y","1973"
"684","A","JPN","PCT",NA,"34.299999","P1Y","1974"
"685","A","JPN","PCT",NA,"34.5","P1Y","1975"
"686","A","JPN","PCT",NA,"33.700001","P1Y","1976"
"687","A","JPN","PCT",NA,"33","P1Y","1977"
"688","A","JPN","PCT",NA,"32.599998","P1Y","1978"
"689","A","JPN","PCT",NA,"31.799999","P1Y","1979"
"690","A","JPN","PCT",NA,"31.1","P1Y","1980"
"691","A","JPN","PCT",NA,"30.9","P1Y","1981"
"692","A","JPN","PCT",NA,"30.6","P1Y","1982"
"693","A","JPN","PCT",NA,"29.799999","P1Y","1983"
"694","A","JPN","PCT",NA,"29.200001","P1Y","1984"
"695","A","JPN","PCT",NA,"28.799999","P1Y","1985"
"696","A","JPN","PCT",NA,"28.200001","P1Y","1986"
"697","A","JPN","PCT",NA,"27.700001","P1Y","1987"
"698","A","JPN","PCT",NA,"26.9","P1Y","1988"
"699","A","JPN","PCT",NA,"26.1","P1Y","1989"
"700","A","JPN","PCT",NA,"25.4","P1Y","1990"
"701","A","JPN","PCT",NA,"24.799999","P1Y","1991"
"702","A","JPN","PCT",NA,"24.5","P1Y","1992"
"703","A","JPN","PCT",NA,"24.299999","P1Y","1993"
"704","A","JPN","PCT",NA,"24.299999","P1Y","1994"
"705","A","JPN","PCT",NA,"24","P1Y","1995"
"706","A","JPN","PCT",NA,"23.4","P1Y","1996"
"707","A","JPN","PCT",NA,"22.799999","P1Y","1997"
"708","A","JPN","PCT",NA,"22.5","P1Y","1998"
"709","A","JPN","PCT",NA,"22.200001","P1Y","1999"
"710","A","JPN","PCT",NA,"21.5","P1Y","2000"
"711","A","JPN","PCT",NA,"20.9","P1Y","2001"
"712","A","JPN","PCT",NA,"20.299999","P1Y","2002"
"713","A","JPN","PCT",NA,"19.700001","P1Y","2003"
"714","A","JPN","PCT",NA,"19.299999","P1Y","2004"
"715","A","JPN","PCT",NA,"18.799999","P1Y","2005"
"716","A","JPN","PCT",NA,"18.299999","P1Y","2006"
"717","A","JPN","PCT",NA,"18.299999","P1Y","2007"
"718","A","JPN","PCT",NA,"18.200001","P1Y","2008"
"719","A","JPN","PCT",NA,"18.5","P1Y","2009"
"720","A","JPN","PCT",NA,"18.4","P1Y","2010"
"721","A","JPN","PCT",NA,"19","P1Y","2011"
"722","A","JPN","PCT",NA,"18","P1Y","2012"
"723","A","JPN","PCT",NA,"17.799999","P1Y","2013"
"724","A","JPN","PCT",NA,"17.6","P1Y","2014"
"725","A","JPN","PCT",NA,"17.5","P1Y","2015"
"726","A","JPN","PCT",NA,"17.4","P1Y","2016"
"727","A","JPN","PCT",NA,"17.200001","P1Y","2017"
"728","A","JPN","PCT",NA,"17","P1Y","2018"
"729","A","JPN","PCT",NA,"16.799999","P1Y","2019"
"730","A","KOR","PCT",NA,"9.3999996","P1Y","1963"
"731","A","KOR","PCT",NA,"11.5","P1Y","1964"
"732","A","KOR","PCT",NA,"11.6","P1Y","1965"
"733","A","KOR","PCT",NA,"11.8","P1Y","1966"
"734","A","KOR","PCT",NA,"12.4","P1Y","1967"
"735","A","KOR","PCT",NA,"12.1","P1Y","1968"
"736","A","KOR","PCT",NA,"12.5","P1Y","1969"
"737","A","KOR","PCT",NA,"12.6","P1Y","1970"
"738","A","KOR","PCT",NA,"12.7","P1Y","1971"
"739","A","KOR","PCT",NA,"12.9","P1Y","1972"
"740","A","KOR","PCT",NA,"13.2","P1Y","1973"
"741","A","KOR","PCT",NA,"14.8","P1Y","1974"
"742","A","KOR","PCT",NA,"15.8","P1Y","1975"
"743","A","KOR","PCT",NA,"16.5","P1Y","1976"
"744","A","KOR","PCT",NA,"16.700001","P1Y","1977"
"745","A","KOR","PCT",NA,"16.9","P1Y","1978"
"746","A","KOR","PCT",NA,"16.799999","P1Y","1979"
"747","A","KOR","PCT",NA,"14.7","P1Y","1980"
"748","A","KOR","PCT",NA,"14.6","P1Y","1981"
"749","A","KOR","PCT",NA,"14.4","P1Y","1982"
"750","A","KOR","PCT",NA,"14.1","P1Y","1983"
"751","A","KOR","PCT",NA,"13.2","P1Y","1984"
"752","A","KOR","PCT",NA,"12.4","P1Y","1985"
"753","A","KOR","PCT",NA,"12.3","P1Y","1986"
"754","A","KOR","PCT",NA,"13.8","P1Y","1987"
"755","A","KOR","PCT",NA,"17.799999","P1Y","1988"
"756","A","KOR","PCT",NA,"18.6","P1Y","1989"
"757","A","KOR","PCT",NA,"17.4","P1Y","1990"
"758","A","KOR","PCT",NA,"15.4","P1Y","1991"
"759","A","KOR","PCT",NA,"14.6","P1Y","1992"
"760","A","KOR","PCT",NA,"14","P1Y","1993"
"761","A","KOR","PCT",NA,"13.3","P1Y","1994"
"762","A","KOR","PCT",NA,"12.5","P1Y","1995"
"763","A","KOR","PCT",NA,"12.1","P1Y","1996"
"764","A","KOR","PCT",NA,"11.1","P1Y","1997"
"765","A","KOR","PCT",NA,"11.4","P1Y","1998"
"766","A","KOR","PCT",NA,"11.7","P1Y","1999"
"767","A","KOR","PCT",NA,"11.4","P1Y","2000"
"768","A","KOR","PCT",NA,"11.5","P1Y","2001"
"769","A","KOR","PCT",NA,"11.3","P1Y","2002"
"770","A","KOR","PCT",NA,"10.7","P1Y","2003"
"771","A","KOR","PCT",NA,"10.3","P1Y","2004"
"772","A","KOR","PCT",NA,"9.8999996","P1Y","2005"
"773","A","KOR","PCT",NA,"10","P1Y","2006"
"774","A","KOR","PCT",NA,"10.5","P1Y","2007"
"775","A","KOR","PCT",NA,"10.2","P1Y","2008"
"776","A","KOR","PCT",NA,"9.8999996","P1Y","2009"
"777","A","KOR","PCT",NA,"9.6000004","P1Y","2010"
"778","A","KOR","PCT",NA,"9.8000002","P1Y","2011"
"779","A","KOR","PCT",NA,"9.8999996","P1Y","2012"
"780","A","KOR","PCT",NA,"10.1","P1Y","2013"
"781","A","KOR","PCT",NA,"10.1","P1Y","2014"
"782","A","KOR","PCT",NA,"10","P1Y","2015"
"783","A","KOR","PCT",NA,"10","P1Y","2016"
"784","A","KOR","PCT",NA,"10.5","P1Y","2017"
"785","A","KOR","PCT",NA,"11.6","P1Y","2018"
"786","A","LUX","PCT",NA,"46.5","P1Y","1970"
"787","A","LUX","PCT",NA,"45.599998","P1Y","1971"
"788","A","LUX","PCT",NA,"44.799999","P1Y","1972"
"789","A","LUX","PCT",NA,"44.700001","P1Y","1973"
"790","A","LUX","PCT",NA,"45.299999","P1Y","1974"
"791","A","LUX","PCT",NA,"45.400002","P1Y","1975"
"792","A","LUX","PCT",NA,"46.400002","P1Y","1976"
"793","A","LUX","PCT",NA,"47.400002","P1Y","1977"
"794","A","LUX","PCT",NA,"48.599998","P1Y","1978"
"795","A","LUX","PCT",NA,"49.099998","P1Y","1979"
"796","A","LUX","PCT",NA,"50.400002","P1Y","1980"
"797","A","LUX","PCT",NA,"51.799999","P1Y","1981"
"798","A","LUX","PCT",NA,"49.299999","P1Y","1987"
"799","A","LUX","PCT",NA,"46.099998","P1Y","1990"
"800","A","LUX","PCT",NA,"44.099998","P1Y","1993"
"801","A","LUX","PCT",NA,"41.900002","P1Y","1997"
"802","A","LUX","PCT",NA,"43.200001","P1Y","1998"
"803","A","LUX","PCT",NA,"44","P1Y","2003"
"804","A","LUX","PCT",NA,"43.400002","P1Y","2004"
"805","A","LUX","PCT",NA,"42.599998","P1Y","2005"
"806","A","LUX","PCT",NA,"41.400002","P1Y","2006"
"807","A","LUX","PCT",NA,"39.5","P1Y","2007"
"808","A","LUX","PCT",NA,"37.599998","P1Y","2008"
"809","A","LUX","PCT",NA,"36.799999","P1Y","2009"
"810","A","LUX","PCT",NA,"36.099998","P1Y","2010"
"811","A","LUX","PCT",NA,"36.599998","P1Y","2011"
"812","A","LUX","PCT",NA,"35.299999","P1Y","2012"
"813","A","LUX","PCT",NA,"34.799999","P1Y","2013"
"814","A","LUX","PCT",NA,"34.099998","P1Y","2014"
"815","A","LUX","PCT",NA,"33.299999","P1Y","2015"
"816","A","LUX","PCT",NA,"32.299999","P1Y","2016"
"817","A","LUX","PCT",NA,"32.099998","P1Y","2017"
"818","A","LUX","PCT",NA,"30.4","P1Y","2018"
"819","A","LUX","PCT",NA,"28.200001","P1Y","2019"
"820","A","MEX","PCT",NA,"40.5","P1Y","1975"
"821","A","MEX","PCT",NA,"33.299999","P1Y","1978"
"822","A","MEX","PCT",NA,"27.4","P1Y","1989"
"823","A","MEX","PCT",NA,"24.299999","P1Y","1992"
"824","A","MEX","PCT",NA,"19.9","P1Y","1994"
"825","A","MEX","PCT",NA,"15.7","P1Y","1996"
"826","A","MEX","PCT",NA,"16.6","P1Y","1998"
"827","A","MEX","PCT",NA,"16.700001","P1Y","2000"
"828","A","MEX","PCT",NA,"15.5","P1Y","2002"
"829","A","MEX","PCT",NA,"16.9","P1Y","2005"
"830","A","MEX","PCT",NA,"16.299999","P1Y","2006"
"831","A","MEX","PCT",NA,"16.700001","P1Y","2007"
"832","A","MEX","PCT",NA,"15.6","P1Y","2008"
"833","A","MEX","PCT",NA,"15.3","P1Y","2009"
"834","A","MEX","PCT",NA,"14.5","P1Y","2010"
"835","A","MEX","PCT",NA,"14.7","P1Y","2011"
"836","A","MEX","PCT",NA,"14","P1Y","2012"
"837","A","MEX","PCT",NA,"13.8","P1Y","2013"
"838","A","MEX","PCT",NA,"13.6","P1Y","2014"
"839","A","MEX","PCT",NA,"13.1","P1Y","2015"
"840","A","MEX","PCT",NA,"12.7","P1Y","2016"
"841","A","MEX","PCT",NA,"12.5","P1Y","2017"
"842","A","MEX","PCT",NA,"12","P1Y","2018"
"843","A","MEX","PCT",NA,"12.3","P1Y","2019"
"844","A","MEX","PCT",NA,"12.4","P1Y","2020"
"845","A","NLD","PCT",NA,"41.700001","P1Y","1960"
"846","A","NLD","PCT",NA,"41.099998","P1Y","1961"
"847","A","NLD","PCT",NA,"40.799999","P1Y","1962"
"848","A","NLD","PCT",NA,"41","P1Y","1963"
"849","A","NLD","PCT",NA,"39.900002","P1Y","1964"
"850","A","NLD","PCT",NA,"39.700001","P1Y","1965"
"851","A","NLD","PCT",NA,"40.299999","P1Y","1966"
"852","A","NLD","PCT",NA,"39.799999","P1Y","1967"
"853","A","NLD","PCT",NA,"39","P1Y","1968"
"854","A","NLD","PCT",NA,"38","P1Y","1969"
"855","A","NLD","PCT",NA,"38.099998","P1Y","1970"
"856","A","NLD","PCT",NA,"37.799999","P1Y","1971"
"857","A","NLD","PCT",NA,"37.5","P1Y","1972"
"858","A","NLD","PCT",NA,"37.900002","P1Y","1973"
"859","A","NLD","PCT",NA,"37.5","P1Y","1974"
"860","A","NLD","PCT",NA,"37.799999","P1Y","1975"
"861","A","NLD","PCT",NA,"37.099998","P1Y","1976"
"862","A","NLD","PCT",NA,"37.200001","P1Y","1977"
"863","A","NLD","PCT",NA,"37","P1Y","1978"
"864","A","NLD","PCT",NA,"36.599998","P1Y","1979"
"865","A","NLD","PCT",NA,"34.799999","P1Y","1980"
"866","A","NLD","PCT",NA,"33","P1Y","1981"
"867","A","NLD","PCT",NA,"32.299999","P1Y","1982"
"868","A","NLD","PCT",NA,"30.700001","P1Y","1983"
"869","A","NLD","PCT",NA,"29.299999","P1Y","1984"
"870","A","NLD","PCT",NA,"27.700001","P1Y","1985"
"871","A","NLD","PCT",NA,"27.1","P1Y","1986"
"872","A","NLD","PCT",NA,"24.5","P1Y","1987"
"873","A","NLD","PCT",NA,"24.4","P1Y","1988"
"874","A","NLD","PCT",NA,"24.6","P1Y","1989"
"875","A","NLD","PCT",NA,"24.6","P1Y","1990"
"876","A","NLD","PCT",NA,"24.299999","P1Y","1991"
"877","A","NLD","PCT",NA,"24.1","P1Y","1992"
"878","A","NLD","PCT",NA,"25.700001","P1Y","1993"
"879","A","NLD","PCT",NA,"25.299999","P1Y","1994"
"880","A","NLD","PCT",NA,"25.299999","P1Y","1995"
"881","A","NLD","PCT",NA,"24.1","P1Y","1996"
"882","A","NLD","PCT",NA,"25.1","P1Y","1997"
"883","A","NLD","PCT",NA,"24.4","P1Y","1998"
"884","A","NLD","PCT",NA,"24.4","P1Y","1999"
"885","A","NLD","PCT",NA,"22.299999","P1Y","2000"
"886","A","NLD","PCT",NA,"21.6","P1Y","2001"
"887","A","NLD","PCT",NA,"21.4","P1Y","2002"
"888","A","NLD","PCT",NA,"20.9","P1Y","2003"
"889","A","NLD","PCT",NA,"21.299999","P1Y","2004"
"890","A","NLD","PCT",NA,"22.1","P1Y","2005"
"891","A","NLD","PCT",NA,"21.4","P1Y","2006"
"892","A","NLD","PCT",NA,"20.200001","P1Y","2007"
"893","A","NLD","PCT",NA,"20","P1Y","2008"
"894","A","NLD","PCT",NA,"20","P1Y","2009"
"895","A","NLD","PCT",NA,"19.5","P1Y","2010"
"896","A","NLD","PCT",NA,"19.299999","P1Y","2011"
"897","A","NLD","PCT",NA,"18.799999","P1Y","2012"
"898","A","NLD","PCT",NA,"18.200001","P1Y","2013"
"899","A","NLD","PCT",NA,"18.1","P1Y","2014"
"900","A","NLD","PCT",NA,"17.700001","P1Y","2015"
"901","A","NLD","PCT",NA,"17.299999","P1Y","2016"
"902","A","NLD","PCT",NA,"16.799999","P1Y","2017"
"903","A","NLD","PCT",NA,"16.5","P1Y","2018"
"904","A","NLD","PCT",NA,"15.4","P1Y","2019"
"905","A","NZL","PCT",NA,"56.200001","P1Y","1970"
"906","A","NZL","PCT",NA,"56.299999","P1Y","1971"
"907","A","NZL","PCT",NA,"56.299999","P1Y","1972"
"908","A","NZL","PCT",NA,"59","P1Y","1973"
"909","A","NZL","PCT",NA,"59.299999","P1Y","1974"
"910","A","NZL","PCT",NA,"60.900002","P1Y","1975"
"911","A","NZL","PCT",NA,"61","P1Y","1976"
"912","A","NZL","PCT",NA,"62.799999","P1Y","1977"
"913","A","NZL","PCT",NA,"65.699997","P1Y","1978"
"914","A","NZL","PCT",NA,"69","P1Y","1979"
"915","A","NZL","PCT",NA,"69.099998","P1Y","1980"
"916","A","NZL","PCT",NA,"65.699997","P1Y","1981"
"917","A","NZL","PCT",NA,"63.400002","P1Y","1982"
"918","A","NZL","PCT",NA,"60.900002","P1Y","1983"
"919","A","NZL","PCT",NA,"55","P1Y","1984"
"920","A","NZL","PCT",NA,"53.400002","P1Y","1985"
"921","A","NZL","PCT",NA,"53","P1Y","1989"
"922","A","NZL","PCT",NA,"42.900002","P1Y","1991"
"923","A","NZL","PCT",NA,"36","P1Y","1992"
"924","A","NZL","PCT",NA,"33.700001","P1Y","1993"
"925","A","NZL","PCT",NA,"29.6","P1Y","1994"
"926","A","NZL","PCT",NA,"27.200001","P1Y","1995"
"927","A","NZL","PCT",NA,"24.700001","P1Y","1996"
"928","A","NZL","PCT",NA,"23.4","P1Y","1997"
"929","A","NZL","PCT",NA,"22.1","P1Y","1998"
"930","A","NZL","PCT",NA,"21.700001","P1Y","1999"
"931","A","NZL","PCT",NA,"22.4","P1Y","2000"
"932","A","NZL","PCT",NA,"22.299999","P1Y","2001"
"933","A","NZL","PCT",NA,"21.799999","P1Y","2002"
"934","A","NZL","PCT",NA,"21.700001","P1Y","2003"
"935","A","NZL","PCT",NA,"21.700001","P1Y","2004"
"936","A","NZL","PCT",NA,"22.299999","P1Y","2005"
"937","A","NZL","PCT",NA,"21.799999","P1Y","2006"
"938","A","NZL","PCT",NA,"20.799999","P1Y","2007"
"939","A","NZL","PCT",NA,"21.4","P1Y","2008"
"940","A","NZL","PCT",NA,"21.5","P1Y","2009"
"941","A","NZL","PCT",NA,"21.4","P1Y","2010"
"942","A","NZL","PCT",NA,"20.5","P1Y","2011"
"943","A","NZL","PCT",NA,"20.299999","P1Y","2012"
"944","A","NZL","PCT",NA,"19.5","P1Y","2013"
"945","A","NZL","PCT",NA,"18.6","P1Y","2014"
"946","A","NZL","PCT",NA,"17.9","P1Y","2015"
"947","A","NZL","PCT",NA,"17.799999","P1Y","2016"
"948","A","NZL","PCT",NA,"17.5","P1Y","2017"
"949","A","NZL","PCT",NA,"17.700001","P1Y","2018"
"950","A","NOR","PCT",NA,"60","P1Y","1960"
"951","A","NOR","PCT",NA,"60.799999","P1Y","1961"
"952","A","NOR","PCT",NA,"59.799999","P1Y","1962"
"953","A","NOR","PCT",NA,"60.099998","P1Y","1963"
"954","A","NOR","PCT",NA,"59.299999","P1Y","1964"
"955","A","NOR","PCT",NA,"59","P1Y","1965"
"956","A","NOR","PCT",NA,"58.099998","P1Y","1966"
"957","A","NOR","PCT",NA,"57.599998","P1Y","1967"
"958","A","NOR","PCT",NA,"57.200001","P1Y","1968"
"959","A","NOR","PCT",NA,"57.200001","P1Y","1969"
"960","A","NOR","PCT",NA,"56.799999","P1Y","1970"
"961","A","NOR","PCT",NA,"54.700001","P1Y","1971"
"962","A","NOR","PCT",NA,"51.900002","P1Y","1972"
"963","A","NOR","PCT",NA,"53.099998","P1Y","1973"
"964","A","NOR","PCT",NA,"54.099998","P1Y","1974"
"965","A","NOR","PCT",NA,"53.5","P1Y","1975"
"966","A","NOR","PCT",NA,"52.299999","P1Y","1976"
"967","A","NOR","PCT",NA,"53.599998","P1Y","1977"
"968","A","NOR","PCT",NA,"54","P1Y","1978"
"969","A","NOR","PCT",NA,"55.5","P1Y","1979"
"970","A","NOR","PCT",NA,"57.900002","P1Y","1980"
"971","A","NOR","PCT",NA,"57.700001","P1Y","1981"
"972","A","NOR","PCT",NA,"58.099998","P1Y","1982"
"973","A","NOR","PCT",NA,"58.099998","P1Y","1983"
"974","A","NOR","PCT",NA,"58.299999","P1Y","1984"
"975","A","NOR","PCT",NA,"57.5","P1Y","1985"
"976","A","NOR","PCT",NA,"57.099998","P1Y","1986"
"977","A","NOR","PCT",NA,"55.700001","P1Y","1987"
"978","A","NOR","PCT",NA,"56.099998","P1Y","1988"
"979","A","NOR","PCT",NA,"57.900002","P1Y","1989"
"980","A","NOR","PCT",NA,"58.5","P1Y","1990"
"981","A","NOR","PCT",NA,"58.099998","P1Y","1991"
"982","A","NOR","PCT",NA,"58.099998","P1Y","1992"
"983","A","NOR","PCT",NA,"58","P1Y","1993"
"984","A","NOR","PCT",NA,"57.799999","P1Y","1994"
"985","A","NOR","PCT",NA,"57.299999","P1Y","1995"
"986","A","NOR","PCT",NA,"56.5","P1Y","1996"
"987","A","NOR","PCT",NA,"54.599998","P1Y","1997"
"988","A","NOR","PCT",NA,"55","P1Y","1998"
"989","A","NOR","PCT",NA,"54","P1Y","1999"
"990","A","NOR","PCT",NA,"53.599998","P1Y","2000"
"991","A","NOR","PCT",NA,"52.599998","P1Y","2001"
"992","A","NOR","PCT",NA,"52.799999","P1Y","2002"
"993","A","NOR","PCT",NA,"51.799999","P1Y","2003"
"994","A","NOR","PCT",NA,"51.599998","P1Y","2004"
"995","A","NOR","PCT",NA,"51.200001","P1Y","2005"
"996","A","NOR","PCT",NA,"51.099998","P1Y","2006"
"997","A","NOR","PCT",NA,"50.099998","P1Y","2007"
"998","A","NOR","PCT",NA,"49.799999","P1Y","2008"
"999","A","NOR","PCT",NA,"50.299999","P1Y","2009"
"1000","A","NOR","PCT",NA,"50.5","P1Y","2010"
"1001","A","NOR","PCT",NA,"49.900002","P1Y","2011"
"1002","A","NOR","PCT",NA,"49.900002","P1Y","2012"
"1003","A","NOR","PCT",NA,"49.799999","P1Y","2013"
"1004","A","NOR","PCT",NA,"50.099998","P1Y","2014"
"1005","A","NOR","PCT",NA,"49.799999","P1Y","2015"
"1006","A","NOR","PCT",NA,"50","P1Y","2016"
"1007","A","NOR","PCT",NA,"50","P1Y","2017"
"1008","A","NOR","PCT",NA,"49.900002","P1Y","2018"
"1009","A","NOR","PCT",NA,"50.400002","P1Y","2019"
"1010","A","POL","PCT",NA,"63.599998","P1Y","1990"
"1011","A","POL","PCT",NA,"54.299999","P1Y","1991"
"1012","A","POL","PCT",NA,"44.400002","P1Y","1992"
"1013","A","POL","PCT",NA,"46.099998","P1Y","1993"
"1014","A","POL","PCT",NA,"38.299999","P1Y","1994"
"1015","A","POL","PCT",NA,"34.700001","P1Y","1995"
"1016","A","POL","PCT",NA,"32.099998","P1Y","1996"
"1017","A","POL","PCT",NA,"28.700001","P1Y","1997"
"1018","A","POL","PCT",NA,"26.1","P1Y","1998"
"1019","A","POL","PCT",NA,"24.700001","P1Y","1999"
"1020","A","POL","PCT",NA,"23.5","P1Y","2000"
"1021","A","POL","PCT",NA,"22.299999","P1Y","2001"
"1022","A","POL","PCT",NA,"22.799999","P1Y","2002"
"1023","A","POL","PCT",NA,"22.9","P1Y","2003"
"1024","A","POL","PCT",NA,"22.9","P1Y","2004"
"1025","A","POL","PCT",NA,"23.799999","P1Y","2005"
"1026","A","POL","PCT",NA,"17.9","P1Y","2006"
"1027","A","POL","PCT",NA,"16.700001","P1Y","2007"
"1028","A","POL","PCT",NA,"15.7","P1Y","2008"
"1029","A","POL","PCT",NA,"15.4","P1Y","2009"
"1030","A","POL","PCT",NA,"17.4","P1Y","2010"
"1031","A","POL","PCT",NA,"17.299999","P1Y","2011"
"1032","A","POL","PCT",NA,"16.6","P1Y","2012"
"1033","A","POL","PCT",NA,"16.5","P1Y","2014"
"1034","A","POL","PCT",NA,"14.1","P1Y","2016"
"1035","A","POL","PCT",NA,"13.4","P1Y","2017"
"1036","A","PRT","PCT",NA,"75","P1Y","1973"
"1037","A","PRT","PCT",NA,"63","P1Y","1977"
"1038","A","PRT","PCT",NA,"60.799999","P1Y","1978"
"1039","A","PRT","PCT",NA,"60.099998","P1Y","1979"
"1040","A","PRT","PCT",NA,"47.200001","P1Y","1984"
"1041","A","PRT","PCT",NA,"41.200001","P1Y","1986"
"1042","A","PRT","PCT",NA,"29.299999","P1Y","1990"
"1043","A","PRT","PCT",NA,"26.6","P1Y","1995"
"1044","A","PRT","PCT",NA,"25.200001","P1Y","1997"
"1045","A","PRT","PCT",NA,"20.5","P1Y","2002"
"1046","A","PRT","PCT",NA,"21.1","P1Y","2003"
"1047","A","PRT","PCT",NA,"21.6","P1Y","2004"
"1048","A","PRT","PCT",NA,"21.1","P1Y","2006"
"1049","A","PRT","PCT",NA,"20.700001","P1Y","2008"
"1050","A","PRT","PCT",NA,"20.4","P1Y","2009"
"1051","A","PRT","PCT",NA,"19.6","P1Y","2010"
"1052","A","PRT","PCT",NA,"18.6","P1Y","2011"
"1053","A","PRT","PCT",NA,"16.1","P1Y","2015"
"1054","A","PRT","PCT",NA,"15.3","P1Y","2016"
"1055","A","SVK","PCT",NA,"59.799999","P1Y","1995"
"1056","A","SVK","PCT",NA,"41.299999","P1Y","1997"
"1057","A","SVK","PCT",NA,"38","P1Y","1998"
"1058","A","SVK","PCT",NA,"36","P1Y","1999"
"1059","A","SVK","PCT",NA,"34.200001","P1Y","2000"
"1060","A","SVK","PCT",NA,"32.5","P1Y","2001"
"1061","A","SVK","PCT",NA,"30.1","P1Y","2002"
"1062","A","SVK","PCT",NA,"27.700001","P1Y","2003"
"1063","A","SVK","PCT",NA,"25.4","P1Y","2004"
"1064","A","SVK","PCT",NA,"23.5","P1Y","2005"
"1065","A","SVK","PCT",NA,"20.6","P1Y","2006"
"1066","A","SVK","PCT",NA,"18.700001","P1Y","2007"
"1067","A","SVK","PCT",NA,"16.799999","P1Y","2008"
"1068","A","SVK","PCT",NA,"16","P1Y","2009"
"1069","A","SVK","PCT",NA,"16.4","P1Y","2010"
"1070","A","SVK","PCT",NA,"14.5","P1Y","2011"
"1071","A","SVK","PCT",NA,"14.5","P1Y","2012"
"1072","A","SVK","PCT",NA,"14.1","P1Y","2013"
"1073","A","SVK","PCT",NA,"13.4","P1Y","2014"
"1074","A","SVK","PCT",NA,"12.6","P1Y","2015"
"1075","A","SVK","PCT",NA,"11.8","P1Y","2016"
"1076","A","SVK","PCT",NA,"11.5","P1Y","2017"
"1077","A","SVK","PCT",NA,"11.3","P1Y","2018"
"1078","A","ESP","PCT",NA,"18.1","P1Y","1977"
"1079","A","ESP","PCT",NA,"44.5","P1Y","1978"
"1080","A","ESP","PCT",NA,"31.200001","P1Y","1979"
"1081","A","ESP","PCT",NA,"13.3","P1Y","1980"
"1082","A","ESP","PCT",NA,"11.4","P1Y","1981"
"1083","A","ESP","PCT",NA,"12.6","P1Y","1982"
"1084","A","ESP","PCT",NA,"13.1","P1Y","1983"
"1085","A","ESP","PCT",NA,"12.2","P1Y","1984"
"1086","A","ESP","PCT",NA,"12.7","P1Y","1985"
"1087","A","ESP","PCT",NA,"12.2","P1Y","1986"
"1088","A","ESP","PCT",NA,"12.7","P1Y","1987"
"1089","A","ESP","PCT",NA,"13.9","P1Y","1988"
"1090","A","ESP","PCT",NA,"14.1","P1Y","1989"
"1091","A","ESP","PCT",NA,"14.1","P1Y","1990"
"1092","A","ESP","PCT",NA,"16.6","P1Y","1991"
"1093","A","ESP","PCT",NA,"18.9","P1Y","1992"
"1094","A","ESP","PCT",NA,"20.4","P1Y","1993"
"1095","A","ESP","PCT",NA,"20.1","P1Y","1994"
"1096","A","ESP","PCT",NA,"18.6","P1Y","1995"
"1097","A","ESP","PCT",NA,"18.200001","P1Y","1996"
"1098","A","ESP","PCT",NA,"17.6","P1Y","1997"
"1099","A","ESP","PCT",NA,"18.200001","P1Y","1998"
"1100","A","ESP","PCT",NA,"17.799999","P1Y","1999"
"1101","A","ESP","PCT",NA,"17.5","P1Y","2000"
"1102","A","ESP","PCT",NA,"17.200001","P1Y","2001"
"1103","A","ESP","PCT",NA,"16.799999","P1Y","2002"
"1104","A","ESP","PCT",NA,"16.5","P1Y","2003"
"1105","A","ESP","PCT",NA,"16","P1Y","2004"
"1106","A","ESP","PCT",NA,"15.5","P1Y","2005"
"1107","A","ESP","PCT",NA,"15.6","P1Y","2006"
"1108","A","ESP","PCT",NA,"16.4","P1Y","2007"
"1109","A","ESP","PCT",NA,"17.4","P1Y","2008"
"1110","A","ESP","PCT",NA,"18.299999","P1Y","2009"
"1111","A","ESP","PCT",NA,"18.200001","P1Y","2010"
"1112","A","ESP","PCT",NA,"17.9","P1Y","2011"
"1113","A","ESP","PCT",NA,"17.799999","P1Y","2012"
"1114","A","ESP","PCT",NA,"17","P1Y","2013"
"1115","A","ESP","PCT",NA,"15.8","P1Y","2014"
"1116","A","ESP","PCT",NA,"14.4","P1Y","2015"
"1117","A","ESP","PCT",NA,"13.9","P1Y","2016"
"1118","A","ESP","PCT",NA,"13.4","P1Y","2017"
"1119","A","ESP","PCT",NA,"13","P1Y","2018"
"1120","A","ESP","PCT",NA,"12.5","P1Y","2019"
"1121","A","SWE","PCT",NA,"64.599998","P1Y","1960"
"1122","A","SWE","PCT",NA,"65","P1Y","1961"
"1123","A","SWE","PCT",NA,"65.900002","P1Y","1962"
"1124","A","SWE","PCT",NA,"64.800003","P1Y","1963"
"1125","A","SWE","PCT",NA,"65.5","P1Y","1964"
"1126","A","SWE","PCT",NA,"65.400002","P1Y","1965"
"1127","A","SWE","PCT",NA,"64.800003","P1Y","1966"
"1128","A","SWE","PCT",NA,"65.900002","P1Y","1967"
"1129","A","SWE","PCT",NA,"66.199997","P1Y","1968"
"1130","A","SWE","PCT",NA,"67","P1Y","1969"
"1131","A","SWE","PCT",NA,"66.599998","P1Y","1970"
"1132","A","SWE","PCT",NA,"68.099998","P1Y","1971"
"1133","A","SWE","PCT",NA,"69.199997","P1Y","1972"
"1134","A","SWE","PCT",NA,"70.5","P1Y","1973"
"1135","A","SWE","PCT",NA,"71.900002","P1Y","1974"
"1136","A","SWE","PCT",NA,"74","P1Y","1975"
"1137","A","SWE","PCT",NA,"74","P1Y","1976"
"1138","A","SWE","PCT",NA,"76.099998","P1Y","1977"
"1139","A","SWE","PCT",NA,"77.099998","P1Y","1978"
"1140","A","SWE","PCT",NA,"77.400002","P1Y","1979"
"1141","A","SWE","PCT",NA,"78.099998","P1Y","1980"
"1142","A","SWE","PCT",NA,"78.400002","P1Y","1981"
"1143","A","SWE","PCT",NA,"79","P1Y","1982"
"1144","A","SWE","PCT",NA,"79.599998","P1Y","1983"
"1145","A","SWE","PCT",NA,"80.699997","P1Y","1984"
"1146","A","SWE","PCT",NA,"81.300003","P1Y","1985"
"1147","A","SWE","PCT",NA,"82.900002","P1Y","1986"
"1148","A","SWE","PCT",NA,"85.5","P1Y","1987"
"1149","A","SWE","PCT",NA,"84.699997","P1Y","1988"
"1150","A","SWE","PCT",NA,"83.699997","P1Y","1989"
"1151","A","SWE","PCT",NA,"81.5","P1Y","1990"
"1152","A","SWE","PCT",NA,"82.300003","P1Y","1991"
"1153","A","SWE","PCT",NA,"84.300003","P1Y","1992"
"1154","A","SWE","PCT",NA,"86.300003","P1Y","1993"
"1155","A","SWE","PCT",NA,"86.599998","P1Y","1994"
"1156","A","SWE","PCT",NA,"84.800003","P1Y","1995"
"1157","A","SWE","PCT",NA,"84.699997","P1Y","1996"
"1158","A","SWE","PCT",NA,"84","P1Y","1997"
"1159","A","SWE","PCT",NA,"83.900002","P1Y","1998"
"1160","A","SWE","PCT",NA,"82.699997","P1Y","1999"
"1161","A","SWE","PCT",NA,"81","P1Y","2000"
"1162","A","SWE","PCT",NA,"78.699997","P1Y","2001"
"1163","A","SWE","PCT",NA,"78","P1Y","2002"
"1164","A","SWE","PCT",NA,"77.199997","P1Y","2003"
"1165","A","SWE","PCT",NA,"76.400002","P1Y","2004"
"1166","A","SWE","PCT",NA,"75.699997","P1Y","2005"
"1167","A","SWE","PCT",NA,"74.300003","P1Y","2006"
"1168","A","SWE","PCT",NA,"70.800003","P1Y","2007"
"1169","A","SWE","PCT",NA,"68.300003","P1Y","2008"
"1170","A","SWE","PCT",NA,"68.400002","P1Y","2009"
"1171","A","SWE","PCT",NA,"68.199997","P1Y","2010"
"1172","A","SWE","PCT",NA,"67.5","P1Y","2011"
"1173","A","SWE","PCT",NA,"67.5","P1Y","2012"
"1174","A","SWE","PCT",NA,"67.699997","P1Y","2013"
"1175","A","SWE","PCT",NA,"67.300003","P1Y","2014"
"1176","A","SWE","PCT",NA,"67","P1Y","2015"
"1177","A","SWE","PCT",NA,"66.699997","P1Y","2016"
"1178","A","SWE","PCT",NA,"66.099998","P1Y","2017"
"1179","A","SWE","PCT",NA,"65.5","P1Y","2018"
"1180","A","SWE","PCT",NA,"65.199997","P1Y","2019"
"1181","A","CHE","PCT",NA,"31.200001","P1Y","1960"
"1182","A","CHE","PCT",NA,"30.4","P1Y","1961"
"1183","A","CHE","PCT",NA,"29.799999","P1Y","1962"
"1184","A","CHE","PCT",NA,"29.200001","P1Y","1963"
"1185","A","CHE","PCT",NA,"28.799999","P1Y","1964"
"1186","A","CHE","PCT",NA,"28.5","P1Y","1965"
"1187","A","CHE","PCT",NA,"28.1","P1Y","1966"
"1188","A","CHE","PCT",NA,"27.200001","P1Y","1967"
"1189","A","CHE","PCT",NA,"26.6","P1Y","1968"
"1190","A","CHE","PCT",NA,"26.200001","P1Y","1969"
"1191","A","CHE","PCT",NA,"25.4","P1Y","1970"
"1192","A","CHE","PCT",NA,"25.6","P1Y","1971"
"1193","A","CHE","PCT",NA,"25.4","P1Y","1972"
"1194","A","CHE","PCT",NA,"25.200001","P1Y","1973"
"1195","A","CHE","PCT",NA,"25.5","P1Y","1974"
"1196","A","CHE","PCT",NA,"28.4","P1Y","1975"
"1197","A","CHE","PCT",NA,"29.700001","P1Y","1976"
"1198","A","CHE","PCT",NA,"29.4","P1Y","1977"
"1199","A","CHE","PCT",NA,"28.9","P1Y","1978"
"1200","A","CHE","PCT",NA,"28.6","P1Y","1979"
"1201","A","CHE","PCT",NA,"28.1","P1Y","1980"
"1202","A","CHE","PCT",NA,"27.5","P1Y","1981"
"1203","A","CHE","PCT",NA,"27.200001","P1Y","1982"
"1204","A","CHE","PCT",NA,"27","P1Y","1983"
"1205","A","CHE","PCT",NA,"26.700001","P1Y","1984"
"1206","A","CHE","PCT",NA,"25.4","P1Y","1985"
"1207","A","CHE","PCT",NA,"24.4","P1Y","1986"
"1208","A","CHE","PCT",NA,"24.1","P1Y","1987"
"1209","A","CHE","PCT",NA,"23.700001","P1Y","1988"
"1210","A","CHE","PCT",NA,"23.299999","P1Y","1989"
"1211","A","CHE","PCT",NA,"23","P1Y","1990"
"1212","A","CHE","PCT",NA,"23","P1Y","1991"
"1213","A","CHE","PCT",NA,"23.4","P1Y","1992"
"1214","A","CHE","PCT",NA,"23.5","P1Y","1993"
"1215","A","CHE","PCT",NA,"23.6","P1Y","1994"
"1216","A","CHE","PCT",NA,"23.1","P1Y","1995"
"1217","A","CHE","PCT",NA,"22.700001","P1Y","1996"
"1218","A","CHE","PCT",NA,"22.299999","P1Y","1997"
"1219","A","CHE","PCT",NA,"22","P1Y","1998"
"1220","A","CHE","PCT",NA,"21.4","P1Y","1999"
"1221","A","CHE","PCT",NA,"20.700001","P1Y","2000"
"1222","A","CHE","PCT",NA,"20.200001","P1Y","2001"
"1223","A","CHE","PCT",NA,"20.299999","P1Y","2002"
"1224","A","CHE","PCT",NA,"20.4","P1Y","2003"
"1225","A","CHE","PCT",NA,"19.9","P1Y","2004"
"1226","A","CHE","PCT",NA,"19.799999","P1Y","2005"
"1227","A","CHE","PCT",NA,"19.299999","P1Y","2006"
"1228","A","CHE","PCT",NA,"18.9","P1Y","2007"
"1229","A","CHE","PCT",NA,"17.9","P1Y","2008"
"1230","A","CHE","PCT",NA,"17.700001","P1Y","2009"
"1231","A","CHE","PCT",NA,"17.6","P1Y","2010"
"1232","A","CHE","PCT",NA,"17","P1Y","2011"
"1233","A","CHE","PCT",NA,"16.5","P1Y","2012"
"1234","A","CHE","PCT",NA,"16.6","P1Y","2013"
"1235","A","CHE","PCT",NA,"16.1","P1Y","2014"
"1236","A","CHE","PCT",NA,"15.7","P1Y","2015"
"1237","A","CHE","PCT",NA,"15.3","P1Y","2016"
"1238","A","CHE","PCT",NA,"14.9","P1Y","2017"
"1239","A","CHE","PCT",NA,"14.4","P1Y","2018"
"1240","A","TUR","PCT",NA,"12.1","P1Y","1960"
"1241","A","TUR","PCT",NA,"11.9","P1Y","1961"
"1242","A","TUR","PCT",NA,"11.6","P1Y","1962"
"1243","A","TUR","PCT",NA,"11.3","P1Y","1963"
"1244","A","TUR","PCT",NA,"12.2","P1Y","1964"
"1245","A","TUR","PCT",NA,"12.5","P1Y","1965"
"1246","A","TUR","PCT",NA,"11.7","P1Y","1966"
"1247","A","TUR","PCT",NA,"25.5","P1Y","1967"
"1248","A","TUR","PCT",NA,"40.400002","P1Y","1975"
"1249","A","TUR","PCT",NA,"35.200001","P1Y","1978"
"1250","A","TUR","PCT",NA,"22.4","P1Y","1984"
"1251","A","TUR","PCT",NA,"27.9","P1Y","1985"
"1252","A","TUR","PCT",NA,"26","P1Y","1986"
"1253","A","TUR","PCT",NA,"28.6","P1Y","1987"
"1254","A","TUR","PCT",NA,"27.700001","P1Y","1988"
"1255","A","TUR","PCT",NA,"26.799999","P1Y","1989"
"1256","A","TUR","PCT",NA,"24","P1Y","1990"
"1257","A","TUR","PCT",NA,"24.6","P1Y","1991"
"1258","A","TUR","PCT",NA,"25.200001","P1Y","1992"
"1259","A","TUR","PCT",NA,"24.5","P1Y","1993"
"1260","A","TUR","PCT",NA,"21.5","P1Y","1994"
"1261","A","TUR","PCT",NA,"16.700001","P1Y","1995"
"1262","A","TUR","PCT",NA,"15.7","P1Y","1996"
"1263","A","TUR","PCT",NA,"17.4","P1Y","1997"
"1264","A","TUR","PCT",NA,"15.6","P1Y","1998"
"1265","A","TUR","PCT",NA,"13.3","P1Y","1999"
"1266","A","TUR","PCT",NA,"12.5","P1Y","2000"
"1267","A","TUR","PCT",NA,"12.5","P1Y","2001"
"1268","A","TUR","PCT",NA,"11.9","P1Y","2002"
"1269","A","TUR","PCT",NA,"11.2","P1Y","2003"
"1270","A","TUR","PCT",NA,"10.5","P1Y","2004"
"1271","A","TUR","PCT",NA,"10.3","P1Y","2005"
"1272","A","TUR","PCT",NA,"9.3999996","P1Y","2006"
"1273","A","TUR","PCT",NA,"8.3000002","P1Y","2007"
"1274","A","TUR","PCT",NA,"7.3000002","P1Y","2008"
"1275","A","TUR","PCT",NA,"7.3000002","P1Y","2009"
"1276","A","TUR","PCT",NA,"7.3000002","P1Y","2010"
"1277","A","TUR","PCT",NA,"7.0999999","P1Y","2011"
"1278","A","TUR","PCT",NA,"6.3000002","P1Y","2012"
"1279","A","TUR","PCT",NA,"6.3000002","P1Y","2013"
"1280","A","TUR","PCT",NA,"6.9000001","P1Y","2014"
"1281","A","TUR","PCT",NA,"8","P1Y","2015"
"1282","A","TUR","PCT",NA,"8.1999998","P1Y","2016"
"1283","A","TUR","PCT",NA,"8.6000004","P1Y","2017"
"1284","A","TUR","PCT",NA,"9.1999998","P1Y","2018"
"1285","A","TUR","PCT",NA,"9.8999996","P1Y","2019"
"1286","A","GBR","PCT",NA,"40.5","P1Y","1960"
"1287","A","GBR","PCT",NA,"40.200001","P1Y","1961"
"1288","A","GBR","PCT",NA,"40.200001","P1Y","1962"
"1289","A","GBR","PCT",NA,"40.299999","P1Y","1963"
"1290","A","GBR","PCT",NA,"40.299999","P1Y","1964"
"1291","A","GBR","PCT",NA,"40.299999","P1Y","1965"
"1292","A","GBR","PCT",NA,"39.700001","P1Y","1966"
"1293","A","GBR","PCT",NA,"40.200001","P1Y","1967"
"1294","A","GBR","PCT",NA,"40.5","P1Y","1968"
"1295","A","GBR","PCT",NA,"41.700001","P1Y","1969"
"1296","A","GBR","PCT",NA,"44.799999","P1Y","1970"
"1297","A","GBR","PCT",NA,"45.299999","P1Y","1971"
"1298","A","GBR","PCT",NA,"46.200001","P1Y","1972"
"1299","A","GBR","PCT",NA,"45.5","P1Y","1973"
"1300","A","GBR","PCT",NA,"46.400002","P1Y","1974"
"1301","A","GBR","PCT",NA,"43.799999","P1Y","1975"
"1302","A","GBR","PCT",NA,"46.5","P1Y","1976"
"1303","A","GBR","PCT",NA,"48.299999","P1Y","1977"
"1304","A","GBR","PCT",NA,"50.299999","P1Y","1978"
"1305","A","GBR","PCT",NA,"50.700001","P1Y","1979"
"1306","A","GBR","PCT",NA,"52.200001","P1Y","1980"
"1307","A","GBR","PCT",NA,"52.099998","P1Y","1981"
"1308","A","GBR","PCT",NA,"52","P1Y","1982"
"1309","A","GBR","PCT",NA,"50.099998","P1Y","1983"
"1310","A","GBR","PCT",NA,"47.799999","P1Y","1984"
"1311","A","GBR","PCT",NA,"45.299999","P1Y","1985"
"1312","A","GBR","PCT",NA,"45.5","P1Y","1986"
"1313","A","GBR","PCT",NA,"44","P1Y","1987"
"1314","A","GBR","PCT",NA,"42.299999","P1Y","1988"
"1315","A","GBR","PCT",NA,"41.099998","P1Y","1989"
"1316","A","GBR","PCT",NA,"39.599998","P1Y","1990"
"1317","A","GBR","PCT",NA,"39.799999","P1Y","1991"
"1318","A","GBR","PCT",NA,"39.5","P1Y","1992"
"1319","A","GBR","PCT",NA,"37.5","P1Y","1993"
"1320","A","GBR","PCT",NA,"36.200001","P1Y","1994"
"1321","A","GBR","PCT",NA,"33.900002","P1Y","1995"
"1322","A","GBR","PCT",NA,"32.599998","P1Y","1996"
"1323","A","GBR","PCT",NA,"31.4","P1Y","1997"
"1324","A","GBR","PCT",NA,"30.1","P1Y","1998"
"1325","A","GBR","PCT",NA,"30","P1Y","1999"
"1326","A","GBR","PCT",NA,"29.799999","P1Y","2000"
"1327","A","GBR","PCT",NA,"29.299999","P1Y","2001"
"1328","A","GBR","PCT",NA,"28.799999","P1Y","2002"
"1329","A","GBR","PCT",NA,"29.299999","P1Y","2003"
"1330","A","GBR","PCT",NA,"28.799999","P1Y","2004"
"1331","A","GBR","PCT",NA,"28.6","P1Y","2005"
"1332","A","GBR","PCT",NA,"28.299999","P1Y","2006"
"1333","A","GBR","PCT",NA,"28","P1Y","2007"
"1334","A","GBR","PCT",NA,"27.5","P1Y","2008"
"1335","A","GBR","PCT",NA,"27.4","P1Y","2009"
"1336","A","GBR","PCT",NA,"26.6","P1Y","2010"
"1337","A","GBR","PCT",NA,"26","P1Y","2011"
"1338","A","GBR","PCT",NA,"26.1","P1Y","2012"
"1339","A","GBR","PCT",NA,"25.6","P1Y","2013"
"1340","A","GBR","PCT",NA,"25","P1Y","2014"
"1341","A","GBR","PCT",NA,"24.700001","P1Y","2015"
"1342","A","GBR","PCT",NA,"23.6","P1Y","2016"
"1343","A","GBR","PCT",NA,"23.299999","P1Y","2017"
"1344","A","GBR","PCT",NA,"23.4","P1Y","2018"
"1345","A","GBR","PCT",NA,"23.5","P1Y","2019"
"1346","A","USA","PCT",NA,"30.9","P1Y","1960"
"1347","A","USA","PCT",NA,"29.5","P1Y","1961"
"1348","A","USA","PCT",NA,"27.6","P1Y","1962"
"1349","A","USA","PCT",NA,"28.5","P1Y","1963"
"1350","A","USA","PCT",NA,"28.299999","P1Y","1964"
"1351","A","USA","PCT",NA,"28.200001","P1Y","1965"
"1352","A","USA","PCT",NA,"28.200001","P1Y","1966"
"1353","A","USA","PCT",NA,"27.799999","P1Y","1967"
"1354","A","USA","PCT",NA,"27.9","P1Y","1968"
"1355","A","USA","PCT",NA,"27.299999","P1Y","1969"
"1356","A","USA","PCT",NA,"27.4","P1Y","1970"
"1357","A","USA","PCT",NA,"26.9","P1Y","1971"
"1358","A","USA","PCT",NA,"26.299999","P1Y","1972"
"1359","A","USA","PCT",NA,"25.799999","P1Y","1973"
"1360","A","USA","PCT",NA,"25.700001","P1Y","1974"
"1361","A","USA","PCT",NA,"25.299999","P1Y","1975"
"1362","A","USA","PCT",NA,"24.4","P1Y","1976"
"1363","A","USA","PCT",NA,"23.6","P1Y","1977"
"1364","A","USA","PCT",NA,"23.9","P1Y","1978"
"1365","A","USA","PCT",NA,"22.4","P1Y","1979"
"1366","A","USA","PCT",NA,"22.1","P1Y","1980"
"1367","A","USA","PCT",NA,"19.5","P1Y","1983"
"1368","A","USA","PCT",NA,"18.200001","P1Y","1984"
"1369","A","USA","PCT",NA,"17.4","P1Y","1985"
"1370","A","USA","PCT",NA,"17","P1Y","1986"
"1371","A","USA","PCT",NA,"16.5","P1Y","1987"
"1372","A","USA","PCT",NA,"16.200001","P1Y","1988"
"1373","A","USA","PCT",NA,"15.9","P1Y","1989"
"1374","A","USA","PCT",NA,"15.5","P1Y","1990"
"1375","A","USA","PCT",NA,"15.5","P1Y","1991"
"1376","A","USA","PCT",NA,"15.2","P1Y","1992"
"1377","A","USA","PCT",NA,"15.2","P1Y","1993"
"1378","A","USA","PCT",NA,"14.9","P1Y","1994"
"1379","A","USA","PCT",NA,"14.3","P1Y","1995"
"1380","A","USA","PCT",NA,"14","P1Y","1996"
"1381","A","USA","PCT",NA,"13.6","P1Y","1997"
"1382","A","USA","PCT",NA,"13.4","P1Y","1998"
"1383","A","USA","PCT",NA,"13.4","P1Y","1999"
"1384","A","USA","PCT",NA,"12.9","P1Y","2000"
"1385","A","USA","PCT",NA,"12.9","P1Y","2001"
"1386","A","USA","PCT",NA,"12.8","P1Y","2002"
"1387","A","USA","PCT",NA,"12.4","P1Y","2003"
"1388","A","USA","PCT",NA,"12","P1Y","2004"
"1389","A","USA","PCT",NA,"12","P1Y","2005"
"1390","A","USA","PCT",NA,"11.5","P1Y","2006"
"1391","A","USA","PCT",NA,"11.6","P1Y","2007"
"1392","A","USA","PCT",NA,"11.9","P1Y","2008"
"1393","A","USA","PCT",NA,"11.8","P1Y","2009"
"1394","A","USA","PCT",NA,"11.4","P1Y","2010"
"1395","A","USA","PCT",NA,"11.3","P1Y","2011"
"1396","A","USA","PCT",NA,"10.8","P1Y","2012"
"1397","A","USA","PCT",NA,"10.8","P1Y","2013"
"1398","A","USA","PCT",NA,"10.7","P1Y","2014"
"1399","A","USA","PCT",NA,"10.6","P1Y","2015"
"1400","A","USA","PCT",NA,"10.3","P1Y","2016"
"1401","A","USA","PCT",NA,"10.3","P1Y","2017"
"1402","A","USA","PCT",NA,"10.1","P1Y","2018"
"1403","A","USA","PCT",NA,"9.8999996","P1Y","2019"
"1404","A","USA","PCT",NA,"10.3","P1Y","2020"
"1405","A","OTO","PCT","E","38","P1Y","1960"
"1406","A","OTO","PCT","E","37.700001","P1Y","1961"
"1407","A","OTO","PCT","E","36.900002","P1Y","1962"
"1408","A","OTO","PCT","E","37.299999","P1Y","1963"
"1409","A","OTO","PCT","E","37.299999","P1Y","1964"
"1410","A","OTO","PCT","E","37.099998","P1Y","1965"
"1411","A","OTO","PCT","E","36.700001","P1Y","1966"
"1412","A","OTO","PCT","E","36.799999","P1Y","1967"
"1413","A","OTO","PCT","E","37","P1Y","1968"
"1414","A","OTO","PCT","E","37.200001","P1Y","1969"
"1415","A","OTO","PCT","E","37.900002","P1Y","1970"
"1416","A","OTO","PCT","E","38","P1Y","1971"
"1417","A","OTO","PCT","E","38.099998","P1Y","1972"
"1418","A","OTO","PCT","E","37.900002","P1Y","1973"
"1419","A","OTO","PCT","E","38.5","P1Y","1974"
"1420","A","OTO","PCT","E","38.700001","P1Y","1975"
"1421","A","OTO","PCT","E","38.400002","P1Y","1976"
"1422","A","OTO","PCT","E","37.900002","P1Y","1977"
"1423","A","OTO","PCT","E","38.900002","P1Y","1978"
"1424","A","OTO","PCT","E","37.400002","P1Y","1979"
"1425","A","OTO","PCT","E","36.5","P1Y","1980"
"1426","A","OTO","PCT","E","35.700001","P1Y","1981"
"1427","A","OTO","PCT","E","35.200001","P1Y","1982"
"1428","A","OTO","PCT","E","34.200001","P1Y","1983"
"1429","A","OTO","PCT","E","33","P1Y","1984"
"1430","A","OTO","PCT","E","32.099998","P1Y","1985"
"1431","A","OTO","PCT","E","31.200001","P1Y","1986"
"1432","A","OTO","PCT","E","30.6","P1Y","1987"
"1433","A","OTO","PCT","E","30.1","P1Y","1988"
"1434","A","OTO","PCT","E","29.5","P1Y","1989"
"1435","A","OTO","PCT","E","28.799999","P1Y","1990"
"1436","A","OTO","PCT","E","28.4","P1Y","1991"
"1437","A","OTO","PCT","E","27.4","P1Y","1992"
"1438","A","OTO","PCT","E","26.5","P1Y","1993"
"1439","A","OTO","PCT","E","25.299999","P1Y","1994"
"1440","A","OTO","PCT","E","24.200001","P1Y","1995"
"1441","A","OTO","PCT","E","23.200001","P1Y","1996"
"1442","A","OTO","PCT","E","22.5","P1Y","1997"
"1443","A","OTO","PCT","E","21.9","P1Y","1998"
"1444","A","OTO","PCT","E","21.5","P1Y","1999"
"1445","A","OTO","PCT","E","20.9","P1Y","2000"
"1446","A","OTO","PCT","E","20.299999","P1Y","2001"
"1447","A","OTO","PCT","E","20","P1Y","2002"
"1448","A","OTO","PCT","E","19.700001","P1Y","2003"
"1449","A","OTO","PCT","E","19.299999","P1Y","2004"
"1450","A","OTO","PCT","E","19","P1Y","2005"
"1451","A","OTO","PCT","E","18.299999","P1Y","2006"
"1452","A","OTO","PCT","E","18.200001","P1Y","2007"
"1453","A","OTO","PCT","E","18","P1Y","2008"
"1454","A","OTO","PCT","E","18.1","P1Y","2009"
"1455","A","OTO","PCT","E","17.799999","P1Y","2010"
"1456","A","OTO","PCT","E","17.700001","P1Y","2011"
"1457","A","OTO","PCT","E","17.299999","P1Y","2012"
"1458","A","OTO","PCT","E","17.1","P1Y","2013"
"1459","A","OTO","PCT","E","16.799999","P1Y","2014"
"1460","A","OTO","PCT","E","16.5","P1Y","2015"
"1461","A","OTO","PCT","E","16.200001","P1Y","2016"
"1462","A","OTO","PCT","E","16","P1Y","2017"
"1463","A","OTO","PCT","E","15.9","P1Y","2018"
"1464","A","OTO","PCT","E","15.8","P1Y","2019"
"1465","A","CHL","PCT",NA,"22","P1Y","1964"
"1466","A","CHL","PCT",NA,"21.6","P1Y","1970"
"1467","A","CHL","PCT",NA,"28.700001","P1Y","1972"
"1468","A","CHL","PCT",NA,"30.200001","P1Y","1975"
"1469","A","CHL","PCT",NA,"28.700001","P1Y","1977"
"1470","A","CHL","PCT",NA,"9.1999998","P1Y","1980"
"1471","A","CHL","PCT",NA,"9.6000004","P1Y","1981"
"1472","A","CHL","PCT",NA,"8.6999998","P1Y","1982"
"1473","A","CHL","PCT",NA,"11.5","P1Y","1986"
"1474","A","CHL","PCT",NA,"12","P1Y","1987"
"1475","A","CHL","PCT",NA,"12","P1Y","1988"
"1476","A","CHL","PCT",NA,"13.2","P1Y","1989"
"1477","A","CHL","PCT",NA,"15.4","P1Y","1990"
"1478","A","CHL","PCT",NA,"16.9","P1Y","1991"
"1479","A","CHL","PCT",NA,"16.5","P1Y","1992"
"1480","A","CHL","PCT",NA,"14.6","P1Y","1993"
"1481","A","CHL","PCT",NA,"14.3","P1Y","1994"
"1482","A","CHL","PCT",NA,"13.2","P1Y","1995"
"1483","A","CHL","PCT",NA,"12","P1Y","1997"
"1484","A","CHL","PCT",NA,"11.8","P1Y","1998"
"1485","A","CHL","PCT",NA,"11.1","P1Y","1999"
"1486","A","CHL","PCT",NA,"11.2","P1Y","2000"
"1487","A","CHL","PCT",NA,"10.9","P1Y","2001"
"1488","A","CHL","PCT",NA,"11.1","P1Y","2002"
"1489","A","CHL","PCT",NA,"11.7","P1Y","2003"
"1490","A","CHL","PCT",NA,"11.5","P1Y","2004"
"1491","A","CHL","PCT",NA,"11.1","P1Y","2005"
"1492","A","CHL","PCT",NA,"11.2","P1Y","2006"
"1493","A","CHL","PCT",NA,"11.5","P1Y","2007"
"1494","A","CHL","PCT",NA,"12.9","P1Y","2008"
"1495","A","CHL","PCT",NA,"13.7","P1Y","2009"
"1496","A","CHL","PCT",NA,"13.9","P1Y","2010"
"1497","A","CHL","PCT",NA,"13.8","P1Y","2011"
"1498","A","CHL","PCT",NA,"14.4","P1Y","2012"
"1499","A","CHL","PCT",NA,"14.1","P1Y","2013"
"1500","A","CHL","PCT",NA,"14.6","P1Y","2014"
"1501","A","CHL","PCT",NA,"15.3","P1Y","2015"
"1502","A","CHL","PCT",NA,"16.9","P1Y","2016"
"1503","A","CHL","PCT",NA,"17","P1Y","2017"
"1504","A","CHL","PCT",NA,"16.6","P1Y","2018"
"1505","A","COL","PCT",NA,"13.3","P1Y","1992"
"1506","A","COL","PCT",NA,"11.8","P1Y","1994"
"1507","A","COL","PCT",NA,"12.6","P1Y","1996"
"1508","A","COL","PCT",NA,"12.2","P1Y","1998"
"1509","A","COL","PCT",NA,"12.3","P1Y","2000"
"1510","A","COL","PCT",NA,"10.9","P1Y","2002"
"1511","A","COL","PCT",NA,"10.5","P1Y","2004"
"1512","A","COL","PCT",NA,"9.6000004","P1Y","2005"
"1513","A","COL","PCT",NA,"9.6000004","P1Y","2006"
"1514","A","COL","PCT",NA,"9.6000004","P1Y","2008"
"1515","A","COL","PCT",NA,"9.3999996","P1Y","2009"
"1516","A","COL","PCT",NA,"9.1999998","P1Y","2010"
"1517","A","COL","PCT",NA,"9.1000004","P1Y","2011"
"1518","A","COL","PCT",NA,"9.1000004","P1Y","2012"
"1519","A","COL","PCT",NA,"9.6999998","P1Y","2013"
"1520","A","COL","PCT",NA,"9.6000004","P1Y","2014"
"1521","A","COL","PCT",NA,"9.3999996","P1Y","2015"
"1522","A","COL","PCT",NA,"9.5","P1Y","2016"
"1523","A","COL","PCT",NA,"9.5","P1Y","2017"
"1524","A","CRI","PCT",NA,"20.299999","P1Y","1990"
"1525","A","CRI","PCT",NA,"20.9","P1Y","1991"
"1526","A","CRI","PCT",NA,"20.1","P1Y","1992"
"1527","A","CRI","PCT",NA,"18.799999","P1Y","1993"
"1528","A","CRI","PCT",NA,"18.799999","P1Y","1994"
"1529","A","CRI","PCT",NA,"18.9","P1Y","1995"
"1530","A","CRI","PCT",NA,"18.5","P1Y","1996"
"1531","A","CRI","PCT",NA,"16.1","P1Y","1997"
"1532","A","CRI","PCT",NA,"13.2","P1Y","1998"
"1533","A","CRI","PCT",NA,"15.3","P1Y","1999"
"1534","A","CRI","PCT",NA,"14.3","P1Y","2000"
"1535","A","CRI","PCT",NA,"13.5","P1Y","2001"
"1536","A","CRI","PCT",NA,"14.3","P1Y","2002"
"1537","A","CRI","PCT",NA,"14.5","P1Y","2003"
"1538","A","CRI","PCT",NA,"13.9","P1Y","2004"
"1539","A","CRI","PCT",NA,"13.3","P1Y","2005"
"1540","A","CRI","PCT",NA,"12.9","P1Y","2006"
"1541","A","CRI","PCT",NA,"11.5","P1Y","2007"
"1542","A","CRI","PCT",NA,"12","P1Y","2008"
"1543","A","CRI","PCT",NA,"13","P1Y","2009"
"1544","A","CRI","PCT",NA,"12.9","P1Y","2010"
"1545","A","CRI","PCT",NA,"13.4","P1Y","2011"
"1546","A","CRI","PCT",NA,"13.1","P1Y","2012"
"1547","A","CRI","PCT",NA,"13.7","P1Y","2013"
"1548","A","CRI","PCT",NA,"12.4","P1Y","2014"
"1549","A","CRI","PCT",NA,"18.6","P1Y","2015"
"1550","A","CRI","PCT",NA,"19.299999","P1Y","2016"
"1551","A","CRI","PCT",NA,"19.299999","P1Y","2017"
"1552","A","CRI","PCT",NA,"19.4","P1Y","2018"
"1553","A","CRI","PCT",NA,"20.5","P1Y","2019"
"1554","A","EST","PCT",NA,"93.900002","P1Y","1992"
"1555","A","EST","PCT",NA,"62.099998","P1Y","1993"
"1556","A","EST","PCT",NA,"40.799999","P1Y","1994"
"1557","A","EST","PCT",NA,"32.400002","P1Y","1995"
"1558","A","EST","PCT",NA,"28.799999","P1Y","1996"
"1559","A","EST","PCT",NA,"17.1","P1Y","1998"
"1560","A","EST","PCT",NA,"14","P1Y","2000"
"1561","A","EST","PCT",NA,"14","P1Y","2001"
"1562","A","EST","PCT",NA,"12.6","P1Y","2002"
"1563","A","EST","PCT",NA,"11","P1Y","2003"
"1564","A","EST","PCT",NA,"9.3999996","P1Y","2004"
"1565","A","EST","PCT",NA,"8.6999998","P1Y","2005"
"1566","A","EST","PCT",NA,"8.3999996","P1Y","2006"
"1567","A","EST","PCT",NA,"7.5999999","P1Y","2007"
"1568","A","EST","PCT",NA,"6.1999998","P1Y","2008"
"1569","A","EST","PCT",NA,"7.5999999","P1Y","2009"
"1570","A","EST","PCT",NA,"8.1999998","P1Y","2010"
"1571","A","EST","PCT",NA,"7","P1Y","2011"
"1572","A","EST","PCT",NA,"6","P1Y","2012"
"1573","A","EST","PCT",NA,"5.5999999","P1Y","2013"
"1574","A","EST","PCT",NA,"5.3000002","P1Y","2014"
"1575","A","EST","PCT",NA,"4.5","P1Y","2015"
"1576","A","EST","PCT",NA,"5","P1Y","2016"
"1577","A","EST","PCT",NA,"4.6999998","P1Y","2017"
"1578","A","EST","PCT",NA,"5.9000001","P1Y","2018"
"1579","A","EST","PCT",NA,"6","P1Y","2019"
"1580","A","ISR","PCT",NA,"56.200001","P1Y","1995"
"1581","A","ISR","PCT",NA,"48.799999","P1Y","1996"
"1582","A","ISR","PCT",NA,"37.700001","P1Y","2000"
"1583","A","ISR","PCT",NA,"30.299999","P1Y","2007"
"1584","A","ISR","PCT",NA,"22.799999","P1Y","2012"
"1585","A","ISR","PCT",NA,"25","P1Y","2017"
"1586","A","LVA","PCT",NA,"28","P1Y","1995"
"1587","A","LVA","PCT",NA,"21","P1Y","2003"
"1588","A","LVA","PCT",NA,"18","P1Y","2006"
"1589","A","LVA","PCT",NA,"16.700001","P1Y","2007"
"1590","A","LVA","PCT",NA,"15.2","P1Y","2008"
"1591","A","LVA","PCT",NA,"15.2","P1Y","2009"
"1592","A","LVA","PCT",NA,"15.1","P1Y","2010"
"1593","A","LVA","PCT",NA,"13.7","P1Y","2011"
"1594","A","LVA","PCT",NA,"13.2","P1Y","2012"
"1595","A","LVA","PCT",NA,"12.9","P1Y","2013"
"1596","A","LVA","PCT",NA,"12.8","P1Y","2014"
"1597","A","LVA","PCT",NA,"12.7","P1Y","2015"
"1598","A","LVA","PCT",NA,"12.4","P1Y","2016"
"1599","A","LVA","PCT",NA,"12.3","P1Y","2017"
"1600","A","LVA","PCT",NA,"11.6","P1Y","2018"
"1601","A","LTU","PCT",NA,"33.299999","P1Y","1995"
"1602","A","LTU","PCT",NA,"18.6","P1Y","1999"
"1603","A","LTU","PCT",NA,"18.5","P1Y","2001"
"1604","A","LTU","PCT",NA,"12.2","P1Y","2003"
"1605","A","LTU","PCT",NA,"9.8000002","P1Y","2006"
"1606","A","LTU","PCT",NA,"9.3000002","P1Y","2007"
"1607","A","LTU","PCT",NA,"8.8999996","P1Y","2008"
"1608","A","LTU","PCT",NA,"10","P1Y","2009"
"1609","A","LTU","PCT",NA,"10.1","P1Y","2010"
"1610","A","LTU","PCT",NA,"9.6999998","P1Y","2011"
"1611","A","LTU","PCT",NA,"9","P1Y","2012"
"1612","A","LTU","PCT",NA,"8.3999996","P1Y","2013"
"1613","A","LTU","PCT",NA,"8.1000004","P1Y","2014"
"1614","A","LTU","PCT",NA,"7.9000001","P1Y","2015"
"1615","A","LTU","PCT",NA,"7.6999998","P1Y","2016"
"1616","A","LTU","PCT",NA,"7.6999998","P1Y","2017"
"1617","A","LTU","PCT",NA,"7.0999999","P1Y","2018"
"1618","A","LTU","PCT",NA,"7.4000001","P1Y","2019"
"1619","A","SVN","PCT",NA,"68.400002","P1Y","1991"
"1620","A","SVN","PCT",NA,"67.900002","P1Y","1992"
"1621","A","SVN","PCT",NA,"58.599998","P1Y","1993"
"1622","A","SVN","PCT",NA,"57.900002","P1Y","1994"
"1623","A","SVN","PCT",NA,"51.599998","P1Y","1995"
"1624","A","SVN","PCT",NA,"50.200001","P1Y","1996"
"1625","A","SVN","PCT",NA,"45.200001","P1Y","1997"
"1626","A","SVN","PCT",NA,"43.5","P1Y","1998"
"1627","A","SVN","PCT",NA,"42.099998","P1Y","1999"
"1628","A","SVN","PCT",NA,"44.200001","P1Y","2000"
"1629","A","SVN","PCT",NA,"43.299999","P1Y","2001"
"1630","A","SVN","PCT",NA,"47.099998","P1Y","2002"
"1631","A","SVN","PCT",NA,"45.299999","P1Y","2003"
"1632","A","SVN","PCT",NA,"37.099998","P1Y","2004"
"1633","A","SVN","PCT",NA,"37.5","P1Y","2005"
"1634","A","SVN","PCT",NA,"32.200001","P1Y","2006"
"1635","A","SVN","PCT",NA,"30.6","P1Y","2007"
"1636","A","SVN","PCT",NA,"29.700001","P1Y","2008"
"1637","A","SVN","PCT",NA,"40.400002","P1Y","2009"
"1638","A","SVN","PCT",NA,"32.599998","P1Y","2010"
"1639","A","SVN","PCT",NA,"36.700001","P1Y","2011"
"1640","A","SVN","PCT",NA,"26.799999","P1Y","2012"
"1641","A","SVN","PCT",NA,"26.200001","P1Y","2013"
"1642","A","SVN","PCT",NA,"29.4","P1Y","2014"
"1643","A","SVN","PCT",NA,"23.799999","P1Y","2015"
